,NOC,Year,Bronze,Gold,Silver,Total,Country Name_x,GDP,GDP/capita,population (millions)
0,ARG,1960,1.0,0.0,1.0,2.0,Argentina,150797810295.884,7410.305028696381,20.349744
1,ARG,1964,0.0,0.0,1.0,1.0,Argentina,164381681831.918,7572.231166175607,21.708487
2,ARG,1968,2.0,0.0,0.0,2.0,Argentina,195305461613.156,8450.037064173013,23.112971
3,ARG,1972,0.0,0.0,1.0,1.0,Argentina,237021461356.448,9630.010366009157,24.612794
4,ARG,1988,1.0,0.0,1.0,2.0,Argentina,293550663101.649,9262.963926608365,31.690792
5,ARG,1992,1.0,0.0,0.0,1.0,Argentina,313120244489.89,9327.859450963611,33.568285
6,ARG,1996,1.0,0.0,2.0,3.0,Argentina,367643757074.802,10388.538710440782,35.389362
7,ARG,2000,2.0,0.0,2.0,4.0,Argentina,395646066535.875,10672.722035312103,37.070774
8,ARG,2004,4.0,2.0,0.0,6.0,Argentina,399898899166.738,10341.643405880493,38.668796
9,ARG,2008,4.0,2.0,0.0,6.0,Argentina,533491913656.279,13246.634891715225,40.273769
10,ARG,2012,2.0,1.0,1.0,4.0,Argentina,579910247223.428,13895.63370729862,41.733271
11,ARG,2016,0.0,3.0,1.0,4.0,Argentina,582376550428.09,13360.211834598183,43.590368
12,ARM,1996,0.0,1.0,1.0,2.0,Armenia,3264729194.59891,989.6423577203387,3.298898
13,ARM,2000,1.0,0.0,0.0,1.0,Armenia,3959424830.6504,1249.6121475685675,3.168523
14,ARM,2008,5.0,0.0,0.0,5.0,Armenia,9697605958.60182,3250.4986586210325,2.983421
15,ARM,2012,2.0,0.0,1.0,3.0,Armenia,9555426146.01325,3278.6704961339665,2.914421
16,ARM,2016,0.0,1.0,3.0,4.0,Armenia,10574444348.3148,3689.8301361783915,2.865835
17,AUS,1960,5.0,8.0,8.0,21.0,Australia,205000837562.694,19948.552170427083,10.276477
18,AUS,1964,10.0,6.0,2.0,18.0,Australia,241816300668.972,21654.544700364644,11.167
19,AUS,1968,5.0,5.0,7.0,17.0,Australia,293125677113.996,24408.833134648678,12.009
20,AUS,1972,2.0,7.0,7.0,16.0,Australia,363425663028.39,27580.30378905593,13.177
21,AUS,1976,4.0,0.0,1.0,5.0,Australia,403635812980.55,28763.330220234446,14.033
22,AUS,1980,5.0,2.0,2.0,9.0,Australia,452292014146.286,30784.917924468147,14.692
23,AUS,1984,12.0,4.0,8.0,24.0,Australia,493875279390.738,31700.551028646627,15.579391
24,AUS,1988,4.0,3.0,6.0,13.0,Australia,586318764370.409,35465.33680469229,16.532164
25,AUS,1992,10.0,7.0,9.0,26.0,Australia,631100347785.005,36106.958454421925,17.478635
26,AUS,1996,23.0,9.0,9.0,41.0,Australia,736682216065.674,40422.037552835325,18.224767
27,AUS,2000,16.0,16.0,25.0,57.0,Australia,873304256772.879,45893.811747732674,19.028802
28,AUS,2004,17.0,17.0,16.0,50.0,Australia,995846370342.055,49960.38024019274,19.932722
29,AUS,2008,17.0,14.0,15.0,46.0,Australia,1134361024069.53,53383.707502081845,21.249199
30,AUS,2012,12.0,7.0,16.0,35.0,Australia,1256509667568.29,55271.36613658719,22.733465
31,AUS,2016,10.0,8.0,11.0,29.0,Australia,1387494901475.28,57356.05124170334,24.190907
32,AUT,1960,0.0,1.0,1.0,2.0,Austria,84930957865.7421,12051.15117003852,7.047539
33,AUT,1968,2.0,0.0,2.0,4.0,Austria,119625351794.0,16132.009520453576,7.415403
34,AUT,1972,2.0,0.0,1.0,3.0,Austria,150903303811.962,20002.55611057579,7.544201
35,AUT,1976,1.0,0.0,0.0,1.0,Austria,171429635128.008,22659.317777419015,7.565525
36,AUT,1980,1.0,1.0,2.0,4.0,Austria,192667120935.942,25520.740555740012,7.549433
37,AUT,1984,0.0,1.0,1.0,2.0,Austria,202197109935.467,26740.577241759565,7.561434
38,AUT,1988,0.0,1.0,0.0,1.0,Austria,221979171128.378,29264.32357782516,7.585317
39,AUT,1992,0.0,0.0,2.0,2.0,Austria,254121610895.057,32410.53977325992,7.840709
40,AUT,1996,2.0,0.0,1.0,3.0,Austria,274886456416.226,34537.73957465174,7.959017
41,AUT,2000,0.0,2.0,1.0,3.0,Austria,311192381028.414,38842.89051958306,8.011566
42,AUT,2004,1.0,2.0,4.0,7.0,Austria,332200441760.824,40651.22661558112,8.171966
43,AUT,2008,2.0,0.0,1.0,3.0,Austria,369807747327.812,44440.055889927964,8.321496
44,AUT,2016,1.0,0.0,0.0,1.0,Austria,389570224508.691,44590.251627816346,8.736668
45,AZE,1996,0.0,0.0,1.0,1.0,Azerbaijan,8582372204.00014,1105.5483967538503,7.763
46,AZE,2000,0.0,2.0,0.0,2.0,Azerbaijan,11918018065.9878,1480.7566615296823,8.0486
47,AZE,2004,4.0,1.0,0.0,5.0,Azerbaijan,17259347559.2653,2077.8122625973997,8.3065
48,AZE,2008,1.0,1.0,2.0,4.0,Azerbaijan,41125866644.727,4692.912185307871,8.7634
49,AZE,2012,4.0,2.0,2.0,8.0,Azerbaijan,48289166006.8036,5194.738389661765,9.295784
50,AZE,2016,4.0,1.0,7.0,12.0,Azerbaijan,51429065064.4674,5270.552974833641,9.757812
51,BDI,1996,0.0,1.0,0.0,1.0,Burundi,1932822941.95387,325.911923205532,5.930507
52,BDI,2016,0.0,0.0,1.0,1.0,Burundi,3085379561.54199,282.9759725212304,10.903327
53,BEL,1960,2.0,0.0,2.0,4.0,Belgium,107409842457.407,11734.30617083901,9.153489
54,BEL,1964,1.0,2.0,0.0,3.0,Belgium,132408661378.724,14118.902318486033,9.378113
55,BEL,1968,1.0,0.0,1.0,2.0,Belgium,153084383687.119,15915.195653899422,9.618756
56,BEL,1972,0.0,0.0,2.0,2.0,Belgium,188706688044.546,19432.031032949973,9.711115
57,BEL,1976,3.0,0.0,3.0,6.0,Belgium,217419959648.709,22144.523613958918,9.818227
58,BEL,1980,0.0,1.0,0.0,1.0,Belgium,240499429910.323,24393.298177519428,9.859242
59,BEL,1984,2.0,1.0,1.0,4.0,Belgium,247975853676.465,25161.49097938312,9.855372
60,BEL,1988,1.0,0.0,0.0,1.0,Belgium,274989527944.74,27772.052045468317,9.901664
61,BEL,1992,1.0,0.0,1.0,2.0,Belgium,303409615205.607,30204.563751571353,10.045158
62,BEL,1996,0.0,2.0,2.0,4.0,Belgium,321781927100.664,31681.936363450226,10.156637
63,BEL,2000,1.0,0.0,2.0,3.0,Belgium,365711203833.047,35674.791253071286,10.25125
64,BEL,2004,2.0,1.0,0.0,3.0,Belgium,393515485920.82,37761.28131899811,10.421137
65,BEL,2008,0.0,1.0,1.0,2.0,Belgium,430025228051.015,40151.84987403937,10.709973
66,BEL,2012,1.0,0.0,1.0,2.0,Belgium,444005978083.203,39975.57364024584,11.106932
67,BEL,2016,1.0,2.0,2.0,5.0,Belgium,468191916732.07,41318.019638847625,11.331422
68,BLR,1996,7.0,1.0,6.0,14.0,Belarus,19768885050.6478,1945.8389475624213,10.159569
69,BLR,2000,11.0,3.0,3.0,17.0,Belarus,26115771070.4161,2616.91299263359,9.97961
70,BLR,2004,6.0,2.0,5.0,13.0,Belarus,34274340535.4692,3522.4898511768683,9.730146
71,BLR,2008,9.0,4.0,5.0,18.0,Belarus,49361749506.6609,5180.712344389805,9.527985
72,BLR,2012,5.0,2.0,5.0,12.0,Belarus,57133246703.6914,6047.871128882876,9.446836
73,BLR,2016,3.0,1.0,4.0,8.0,Belarus,55028435771.7374,5811.197943575539,9.469379
74,BRA,1960,2.0,0.0,0.0,2.0,Brazil,188464088773.788,2578.432125010174,73.092515
75,BRA,1964,1.0,0.0,0.0,1.0,Brazil,226952075324.592,2758.8666065073357,82.262794
76,BRA,1968,2.0,0.0,1.0,3.0,Brazil,283706047644.754,3095.2256321719474,91.659246
77,BRA,1972,1.0,0.0,0.0,1.0,Brazil,427465484612.615,4224.201239968046,101.194394
78,BRA,1976,2.0,0.0,0.0,2.0,Brazil,610961422946.065,5489.986664924481,111.286504
79,BRA,1980,2.0,2.0,0.0,4.0,Brazil,784558917364.681,6415.645526727432,122.288383
80,BRA,1984,1.0,1.0,5.0,7.0,Brazil,774960832604.42,5788.09412965665,133.888775
81,BRA,1988,3.0,1.0,2.0,6.0,Brazil,929551647151.897,6399.492061755151,145.253973
82,BRA,1992,0.0,2.0,1.0,3.0,Brazil,921637785237.654,5911.694130848561,155.90079
83,BRA,1996,9.0,3.0,3.0,15.0,Brazil,1090425612783.91,6567.3603568237595,166.037122
84,BRA,2000,6.0,0.0,6.0,12.0,Brazil,1186420527155.95,6745.865881246783,175.87372
85,BRA,2004,3.0,5.0,2.0,10.0,Brazil,1326000607099.75,7178.356115841302,184.722043
86,BRA,2008,8.0,3.0,4.0,15.0,Brazil,1585907087042.63,8231.1102691656,192.672317
87,BRA,2012,9.0,3.0,5.0,17.0,Brazil,1804863767940.85,9025.32484753838,199.977707
88,BRA,2016,5.0,7.0,6.0,18.0,Brazil,1743175328356.73,8426.853352455017,206.859578
89,BRN,2012,1.0,0.0,0.0,1.0,Brunei Darussalam,13604563824.4265,33456.53296189325,0.406634
90,BRN,2016,0.0,1.0,1.0,2.0,Brunei Darussalam,12609990390.5992,29601.33333004502,0.425994
91,CAN,2000,8.0,3.0,3.0,14.0,Canada,1163709866262.96,37923.48646302239,30.68573
92,CAN,2004,3.0,3.0,6.0,12.0,Canada,1280622467897.33,40093.80734043588,31.940655
93,CAN,2008,6.0,3.0,9.0,18.0,Canada,1398494571594.3,42063.63305217312,33.247118
94,CAN,2012,9.0,1.0,5.0,15.0,Canada,1468960331816.39,42315.807389155656,34.714222
95,CAN,2016,14.0,3.0,3.0,20.0,Canada,1572095608554.66,43536.91340324663,36.109487
96,CHN,1984,9.0,14.0,7.0,30.0,China,618155123011.759,596.2000559513506,1036.825
97,CHN,1988,11.0,5.0,11.0,27.0,China,948714904915.565,861.1919654653241,1101.63
98,CHN,1992,12.0,16.0,22.0,50.0,China,1282217440753.01,1100.6441717409118,1164.97
99,CHN,1996,12.0,16.0,22.0,50.0,China,2013134753757.7,1653.4308683484867,1217.55
100,CHN,2000,13.0,28.0,16.0,57.0,China,2770108015885.86,2193.8929912096114,1262.645
101,CHN,2004,11.0,32.0,17.0,60.0,China,3968358419663.33,3061.8277643371953,1296.075
102,CHN,2008,26.0,51.0,21.0,98.0,China,6241291028834.91,4711.6351267574655,1324.655
103,CHN,2012,21.0,38.0,26.0,85.0,China,8926347665673.95,6591.6508508214865,1354.19
104,CHN,2016,23.0,26.0,18.0,67.0,China,11819132546490.1,8516.513699111609,1387.79
105,CIV,1984,0.0,0.0,1.0,1.0,Cote dIvoire,20542492690.8584,2135.0824220431837,9.621405
106,CIV,2016,1.0,1.0,0.0,2.0,Cote dIvoire,49103766045.2254,2027.9397293484387,24.213622
107,CMR,1968,0.0,0.0,1.0,1.0,Cameroon,5467278214.18431,892.2973724157717,6.127193
108,CMR,2000,0.0,1.0,0.0,1.0,Cameroon,17168567426.5747,1137.6245230672585,15.091594
109,CMR,2004,0.0,1.0,0.0,1.0,Cameroon,21124274961.7047,1256.6936455107964,16.809407
110,CMR,2008,0.0,1.0,0.0,1.0,Cameroon,24053813161.9883,1281.019832741218,18.777081
111,COL,1972,0.0,0.0,1.0,1.0,Colombia,57486374334.6407,2625.1817494586026,21.898055
112,COL,1984,0.0,0.0,1.0,1.0,Colombia,93379942725.011,3254.9004345985254,28.689032
113,COL,1988,1.0,0.0,0.0,1.0,Colombia,111722463663.498,3574.349408480869,31.256727
114,COL,1992,1.0,0.0,0.0,1.0,Colombia,127866720249.853,3767.540979868434,33.939039
115,COL,2000,0.0,1.0,0.0,1.0,Colombia,157011138831.906,4003.8403241989604,39.215135
116,COL,2004,2.0,0.0,0.0,2.0,Colombia,179124180023.818,4300.879451309188,41.648268
117,COL,2008,1.0,0.0,1.0,2.0,Colombia,220911495457.467,5041.878748132349,43.815313
118,COL,2012,2.0,1.0,3.0,6.0,Colombia,259462404704.661,5667.293727735279,45.782417
119,COL,2016,2.0,3.0,2.0,7.0,Colombia,299607839838.107,6290.852117046409,47.625955
120,CUB,1972,3.0,3.0,1.0,7.0,Cuba,26317161843.5777,2870.1420408471913,9.169289
121,CUB,1976,3.0,6.0,4.0,13.0,Cuba,31727475910.1232,3304.648677392009,9.600862
122,CUB,1980,4.0,8.0,7.0,19.0,Cuba,35363534231.8829,3605.1736648282963,9.809107
123,CUB,1992,11.0,14.0,6.0,31.0,Cuba,41653580519.2294,3862.6255471872487,10.783748
124,CUB,1996,6.0,9.0,8.0,23.0,Cuba,39455999445.9835,3599.004640777126,10.963031
125,CUB,2000,5.0,11.0,11.0,27.0,Cuba,45683751961.4679,4113.50726494564,11.105791
126,CUB,2004,8.0,9.0,7.0,24.0,Cuba,52487320429.3578,4675.808083900324,11.225294
127,CUB,2008,8.0,2.0,11.0,21.0,Cuba,73047670765.1376,6477.804698658755,11.276609
128,CUB,2012,5.0,5.0,3.0,13.0,Cuba,80357410018.3486,7105.433676061769,11.30929
129,CUB,2016,4.0,5.0,2.0,11.0,Cuba,87580655779.8165,7721.791846086611,11.342012
130,CYP,2012,0.0,0.0,1.0,1.0,Cyprus,20981240451.2344,18141.136660251992,1.156556
131,CZE,1996,4.0,4.0,3.0,11.0,Czechia,120805040906.55,11711.315412461037,10.315241
132,CZE,2000,3.0,2.0,3.0,8.0,Czechia,126265440317.089,12312.49776984198,10.255063
133,CZE,2004,5.0,1.0,3.0,9.0,Czechia,143476070938.564,14070.280458981822,10.197101
134,CZE,2008,0.0,3.0,3.0,6.0,Czechia,177025133390.924,17046.885026892603,10.384603
135,CZE,2012,3.0,4.0,3.0,10.0,Czechia,174552528075.614,16606.992539150408,10.510785
136,CZE,2016,7.0,1.0,2.0,10.0,Czechia,192803983942.274,18247.01172954569,10.566332
137,DOM,1984,1.0,0.0,0.0,1.0,Dominican Republic,17760080888.6593,2827.091192482535,6.282104
138,DOM,2004,0.0,1.0,0.0,1.0,Dominican Republic,38632918021.9757,4272.075137502293,9.043127
139,DOM,2008,0.0,1.0,1.0,2.0,Dominican Republic,51167715084.1298,5373.09613410992,9.522948
140,DOM,2012,0.0,1.0,1.0,2.0,Dominican Republic,59281140848.7752,5909.863245203682,10.030882
141,ECU,1996,0.0,1.0,0.0,1.0,Ecuador,51449720654.55,4369.32102204706,11.775221
142,ECU,2008,0.0,0.0,1.0,1.0,Ecuador,76759080483.1984,5294.8993134965185,14.496797
143,ERI,2004,1.0,0.0,0.0,1.0,Eritrea,2100950149.6029,760.3487878293897,2.76314
144,ESP,1960,1.0,0.0,0.0,1.0,Spain,189278929999.793,6215.036283033754,30.455
145,ESP,1976,0.0,0.0,2.0,2.0,Spain,517510829852.726,14320.480438957566,36.137812
146,ESP,1980,2.0,1.0,3.0,6.0,Spain,552143016545.967,14727.283522557036,37.491165
147,ESP,1984,2.0,1.0,2.0,5.0,Spain,578307026952.115,15087.438954456968,38.330364
148,ESP,1988,2.0,1.0,1.0,4.0,Spain,677726999867.622,17482.086988287156,38.766939
149,ESP,1992,1.0,13.0,7.0,21.0,Spain,763103054853.539,19487.951211966156,39.157685
150,ESP,1996,4.0,5.0,6.0,15.0,Spain,815691686929.687,20448.60148715736,39.889852
151,ESP,2000,5.0,3.0,3.0,11.0,Spain,971112252648.437,23937.968551867485,40.567864
152,ESP,2004,6.0,3.0,11.0,20.0,Spain,1101132739762.11,25654.336551592376,42.921895
153,ESP,2008,3.0,5.0,10.0,18.0,Spain,1241923268505.08,27025.294943287114,45.954106
154,ESP,2012,3.0,3.0,10.0,16.0,Spain,1152252436684.76,24634.962088423774,46.773055
155,ESP,2016,6.0,7.0,4.0,17.0,Spain,1232493518447.66,26514.32481196802,46.484062
156,EST,2000,2.0,1.0,0.0,3.0,Estonia,13914164835.0824,9960.139038774503,1.396985
157,EST,2004,2.0,0.0,1.0,3.0,Estonia,18098132398.0648,13282.545519844996,1.36255
158,EST,2008,0.0,1.0,1.0,2.0,Estonia,22205813183.2266,16607.568064398507,1.33709
159,EST,2012,1.0,0.0,1.0,2.0,Estonia,21503693454.807,16257.472204351567,1.322696
160,EST,2016,1.0,0.0,0.0,1.0,Estonia,23613094924.4117,17945.94496417491,1.31579
161,ETH,1992,2.0,1.0,0.0,3.0,Ethiopia,11215579531.3139,215.6363090269116,52.011554
162,ETH,1996,1.0,2.0,0.0,3.0,Ethiopia,15623619245.3033,263.25590833940703,59.347649
163,ETH,2000,3.0,4.0,1.0,8.0,Ethiopia,17352576330.7606,258.87055078982957,67.031867
164,ETH,2004,2.0,2.0,3.0,7.0,Ethiopia,21198771447.52,281.5203533550791,75.301026
165,ETH,2008,2.0,4.0,1.0,7.0,Ethiopia,32441439350.5667,384.57269663968077,84.357105
166,ETH,2012,3.0,3.0,1.0,7.0,Ethiopia,47987461378.629,508.0657602377543,94.45128
167,ETH,2016,5.0,1.0,2.0,8.0,Ethiopia,70682358692.8433,671.2906426692826,105.293228
168,FIN,1960,3.0,1.0,1.0,5.0,Finland,50609868256.8301,11425.293434362771,4.429634
169,FIN,1964,1.0,3.0,0.0,4.0,Finland,60959376045.0995,13401.956636465678,4.548543
170,FIN,1968,1.0,1.0,2.0,4.0,Finland,68686812988.0757,14846.487242879115,4.626469
171,FIN,1972,4.0,3.0,1.0,8.0,Finland,87006463097.9461,18752.779159740927,4.639657
172,FIN,1976,0.0,4.0,2.0,6.0,Finland,98166836909.7293,20773.13091022326,4.725664
173,FIN,1980,4.0,3.0,1.0,8.0,Finland,114334193866.016,23921.61452233659,4.779535
174,FIN,1984,5.0,4.0,2.0,11.0,Finland,127149067752.734,26045.51387115252,4.881803
175,FIN,1988,2.0,1.0,1.0,4.0,Finland,147436510957.812,29806.343329290463,4.946481
176,FIN,1992,1.0,1.0,2.0,4.0,Finland,141957736303.906,28155.089556648643,5.041992
177,FIN,1996,1.0,1.0,2.0,4.0,Finland,158391841239.844,30908.300309087994,5.124573
178,FIN,2000,1.0,2.0,1.0,4.0,Finland,196097527314.844,37884.39132091536,5.176209
179,FIN,2004,0.0,0.0,2.0,2.0,Finland,217085073153.906,41522.175084122326,5.228172
180,FIN,2008,2.0,1.0,1.0,4.0,Finland,246321847334.766,46358.620411297175,5.313399
181,FIN,2012,2.0,0.0,1.0,3.0,Finland,236250798826.562,43637.248671365625,5.413971
182,FRA,1960,3.0,0.0,2.0,5.0,France,521063228394.417,11169.647240700226,46.649927
183,FRA,1964,6.0,1.0,8.0,15.0,France,662181550405.328,13587.671670052592,48.733997
184,FRA,1968,5.0,7.0,3.0,15.0,France,801246352672.883,15767.283336820676,50.81702
185,FRA,1972,6.0,2.0,4.0,12.0,France,1002318472123.85,19041.768395492047,52.637888
186,FRA,1976,3.0,2.0,3.0,8.0,France,1149055358647.74,21291.98898784206,53.966558
187,FRA,1980,2.0,6.0,5.0,13.0,France,1300253881649.64,23618.399617471892,55.052582
188,FRA,1984,13.0,5.0,7.0,25.0,France,1384438090121.85,24600.992355863324,56.275701
189,FRA,1988,6.0,6.0,4.0,16.0,France,1546714398124.5,26912.18120640546,57.472651
190,FRA,1992,14.0,8.0,5.0,27.0,France,1705347110174.84,28977.888902540486,58.849943
191,FRA,1996,14.0,15.0,7.0,36.0,France,1796159810500.7,30057.96555333456,59.756533
192,FRA,2000,9.0,13.0,14.0,36.0,France,2046499571261.18,33592.466830057245,60.921384
193,FRA,2004,13.0,11.0,9.0,33.0,France,2188393293109.35,34893.52981199738,62.716306
194,FRA,2008,15.0,7.0,16.0,38.0,France,2340501872979.04,36354.65866410802,64.379696
195,FRA,2012,10.0,11.0,11.0,32.0,France,2375801091055.54,36182.151127581696,65.66224
196,FRA,2016,13.0,10.0,18.0,41.0,France,2465909086487.94,36956.79580032937,66.724104
197,GAB,2012,0.0,0.0,1.0,1.0,Gabon,12564804478.7562,6840.948589325015,1.836705
198,GBR,1960,10.0,2.0,5.0,17.0,United Kingdom,781539751882.685,14914.880761119945,52.4
199,GBR,1964,2.0,4.0,12.0,18.0,United Kingdom,897943108490.366,16628.576083154927,54.0
200,GBR,1968,3.0,5.0,5.0,13.0,United Kingdom,1009667714730.69,18287.205696087785,55.2117
201,GBR,1972,6.0,4.0,5.0,15.0,United Kingdom,1187210145074.44,21167.64913128493,56.086065
202,GBR,1976,4.0,3.0,5.0,12.0,United Kingdom,1250430691746.86,22244.919298090757,56.211968
203,GBR,1980,8.0,5.0,7.0,20.0,United Kingdom,1356940956112.01,24095.886482944377,56.314216
204,GBR,1984,20.0,5.0,11.0,36.0,United Kingdom,1463551322001.21,25939.340228434183,56.422072
205,GBR,1988,8.0,5.0,10.0,23.0,United Kingdom,1752047807086.21,30776.379693824656,56.928327
206,GBR,1992,10.0,5.0,3.0,18.0,United Kingdom,1797605961499.99,31219.058899588614,57.580402
207,GBR,1996,6.0,1.0,8.0,15.0,United Kingdom,1999081845521.52,34368.00185537526,58.16695
208,GBR,2000,7.0,11.0,10.0,28.0,United Kingdom,2307855285267.75,39187.58308174363,58.892514
209,GBR,2004,12.0,9.0,9.0,30.0,United Kingdom,2532350622459.43,42214.353417733626,59.987905
210,GBR,2008,14.0,19.0,13.0,46.0,United Kingdom,2719974378108.14,44007.549276714395,61.806995
211,GBR,2012,17.0,29.0,17.0,63.0,United Kingdom,2727755400457.14,42821.76128380634,63.700215
212,GBR,2016,15.0,27.0,23.0,65.0,United Kingdom,2998403672734.88,45699.296963188805,65.611593
213,GEO,1996,1.0,0.0,0.0,1.0,Georgia,5350426783.58965,1191.181061685044,4.491699
214,GEO,2000,5.0,0.0,0.0,5.0,Georgia,6387071387.65258,1566.560257115256,4.077131
215,GEO,2004,0.0,2.0,2.0,4.0,Georgia,8295568369.1006,2112.261319137279,3.92734
216,GEO,2008,2.0,3.0,0.0,5.0,Georgia,11469569250.4296,2980.309535199661,3.848449
217,GEO,2012,1.0,1.0,3.0,5.0,Georgia,13413519587.538,3597.2037638005468,3.728874
218,GEO,2016,4.0,2.0,1.0,7.0,Georgia,15388577975.5872,4128.385602591331,3.727505
219,GHA,1960,0.0,0.0,1.0,1.0,Ghana,7657961446.31455,1108.0012104901173,6.91151
220,GHA,1964,1.0,0.0,0.0,1.0,Ghana,8799604415.24947,1151.7511350820673,7.640196
221,GHA,1972,1.0,0.0,0.0,1.0,Ghana,10543770951.8193,1125.7553905699388,9.365952
222,GHA,1992,1.0,0.0,0.0,1.0,Ghana,14400776078.7154,886.6627786166318,16.241548
223,GUY,1980,1.0,0.0,0.0,1.0,Guyana,2514896326.63604,3231.783461114247,0.778176
224,HUN,1992,5.0,10.0,12.0,27.0,Hungary,76320565233.1898,7360.213656122391,10.369341
225,HUN,1996,10.0,7.0,3.0,20.0,Hungary,79346116187.6974,7695.110537425031,10.311238
226,HUN,2000,3.0,8.0,6.0,17.0,Hungary,91568886542.0243,8967.696269240634,10.210971
227,HUN,2004,3.0,8.0,6.0,17.0,Hungary,109083772922.95,10792.737427850552,10.107146
228,HUN,2008,2.0,3.0,5.0,10.0,Hungary,119776044677.938,11932.038399553585,10.038188
229,HUN,2012,6.0,8.0,4.0,18.0,Hungary,113748278485.318,11466.14190947044,9.920362
230,HUN,2016,4.0,8.0,3.0,15.0,Hungary,127929252772.234,13035.352859090914,9.814023
231,IND,1960,0.0,0.0,1.0,1.0,India,136368084184.196,305.78917810415845,445.954579
232,IND,1964,0.0,1.0,0.0,1.0,India,165819092695.861,339.0572260753368,489.059309
233,IND,1968,1.0,0.0,0.0,1.0,India,179881621452.198,337.21571285342435,533.431909
234,IND,1972,1.0,0.0,0.0,1.0,India,203706528992.569,349.50799094994625,582.837973
235,IND,1980,0.0,1.0,0.0,1.0,India,270942678836.504,388.82267810675364,696.828385
236,IND,1996,1.0,0.0,0.0,1.0,India,641058240489.184,651.9581872956959,983.281218
237,IND,2000,1.0,0.0,0.0,1.0,India,800534271756.884,755.4820978645134,1059.633675
238,IND,2004,0.0,0.0,1.0,1.0,India,1013981915397.82,892.3818717650024,1136.264583
239,IND,2008,2.0,1.0,0.0,3.0,India,1312423962607.78,1087.5827531304174,1206.734806
240,IND,2012,3.0,0.0,2.0,5.0,India,1704595760877.17,1337.4757634404123,1274.487215
241,IND,2016,0.0,0.0,1.0,1.0,India,2277266450219.57,1701.1837959064892,1338.63634
242,IRL,1980,1.0,0.0,1.0,2.0,Ireland,57071243895.3609,16722.703907454554,3.4128
243,IRL,1984,0.0,0.0,1.0,1.0,Ireland,62788118906.0824,17774.801858690877,3.532423
244,IRL,1992,0.0,1.0,1.0,2.0,Ireland,85805227886.166,24113.22630659195,3.55843
245,IRL,1996,1.0,3.0,0.0,4.0,Ireland,109704907771.2,30159.34190454459,3.63751
246,IRL,2000,0.0,0.0,1.0,1.0,Ireland,160191278093.194,42098.27936730199,3.805174
247,IRL,2008,1.0,0.0,1.0,2.0,Ireland,219445444220.344,48879.22787266235,4.489544
248,IRL,2012,1.0,1.0,1.0,3.0,Ireland,213521939076.437,46422.525738251476,4.599533
249,IRL,2016,0.0,0.0,2.0,2.0,Ireland,297630084892.439,62588.66828360968,4.755335
250,ISL,2000,1.0,0.0,0.0,1.0,Iceland,11859726687.7669,42174.66505846944,0.281205
251,ISL,2008,0.0,0.0,1.0,1.0,Iceland,17083688339.561,53821.47082221011,0.317414
252,ISR,1996,1.0,0.0,0.0,1.0,Israel,151966334119.463,26698.231574044803,5.692
253,ISR,2000,1.0,0.0,0.0,1.0,Israel,184401815445.307,29321.32540074845,6.289
254,ISR,2004,0.0,1.0,0.0,1.0,Israel,196347818275.374,28836.513184810396,6.809
255,ISR,2008,1.0,0.0,0.0,1.0,Israel,236346110629.905,32337.19771096555,7.3088
256,ISR,2016,1.0,0.0,0.0,1.0,Israel,317133700441.662,37109.02181624877,8.546
257,ITA,1960,12.0,13.0,10.0,35.0,Italy,486316973419.168,9687.647006240437,50.1997
258,ITA,1964,7.0,10.0,10.0,27.0,Italy,606739888265.99,11741.379366873954,51.67535
259,ITA,1968,9.0,3.0,4.0,16.0,Italy,758317996474.787,14244.525464087328,53.23575
260,ITA,1972,10.0,5.0,3.0,18.0,Italy,894173856797.556,16442.65798864585,54.381345
261,ITA,1976,4.0,2.0,7.0,13.0,Italy,1059956551731.36,19023.504174957365,55.71826
262,ITA,1980,4.0,8.0,3.0,15.0,Italy,1229990843476.89,21795.25451893661,56.433883
263,ITA,1984,12.0,14.0,6.0,32.0,Italy,1300715172729.04,22990.29032983214,56.576718
264,ITA,1988,4.0,6.0,4.0,14.0,Italy,1478780730118.51,26113.35551523286,56.629288
265,ITA,1992,8.0,6.0,5.0,19.0,Italy,1596444514474.62,28107.85902584441,56.797087
266,ITA,1996,11.0,13.0,10.0,34.0,Italy,1684627233211.13,29627.486948422396,56.860281
267,ITA,2000,11.0,13.0,8.0,32.0,Italy,1842128690356.25,32350.904366874685,56.942108
268,ITA,2004,10.0,10.0,11.0,31.0,Italy,1912296060780.0,33150.47621694161,57.685327
269,ITA,2008,9.0,8.0,9.0,26.0,Italy,1972481476580.66,33530.36014495961,58.826731
270,ITA,2012,10.0,8.0,9.0,27.0,Italy,1856719783429.57,31184.558425589596,59.539717
271,ITA,2016,8.0,8.0,12.0,28.0,Italy,1860393935366.87,30685.64589894292,60.627498
272,JAM,1968,0.0,0.0,1.0,1.0,Jamaica,7562223483.57129,4172.931203614644,1.812209
273,JAM,1972,1.0,0.0,0.0,1.0,Jamaica,10817742526.98,5648.0698454810445,1.915299
274,JAM,1976,0.0,1.0,1.0,2.0,Jamaica,9113027630.31234,4490.3131286997495,2.029486
275,JAM,1980,3.0,0.0,0.0,3.0,Jamaica,8275943106.37882,3875.3288884336,2.135546
276,JAM,1984,2.0,0.0,1.0,3.0,Jamaica,8699394145.10477,3842.3273515929195,2.264095
277,JAM,1988,0.0,0.0,2.0,2.0,Jamaica,9646296087.66834,4096.430951891278,2.354805
278,JAM,1992,1.0,0.0,3.0,4.0,Jamaica,11514569744.1217,4729.603513436725,2.434574
279,JAM,1996,2.0,1.0,3.0,6.0,Jamaica,13058496834.6734,5155.563886476655,2.532894
280,JAM,2000,3.0,0.0,6.0,9.0,Jamaica,12852231107.3029,4920.069867144003,2.612205
281,JAM,2004,2.0,2.0,1.0,5.0,Jamaica,13954619800.8587,5238.1734552161315,2.664024
282,JAM,2008,2.0,5.0,2.0,9.0,Jamaica,14575693938.7168,5375.761261440901,2.711373
283,JAM,2012,4.0,4.0,4.0,12.0,Jamaica,13891147725.5468,5033.35827177918,2.759817
284,JAM,2016,2.0,6.0,3.0,11.0,Jamaica,14384065467.3211,5132.226470351251,2.802695
285,JOR,2016,0.0,1.0,0.0,1.0,Jordan,39356512854.5948,3949.6107898350733,9.964656
286,JPN,1960,5.0,4.0,7.0,16.0,Japan,583595171244.776,6260.6759702709405,93.216
287,JPN,1964,8.0,16.0,4.0,28.0,Japan,862678526602.038,8902.495553306275,96.903
288,JPN,1968,6.0,11.0,7.0,24.0,Japan,1266463886949.18,12537.880893656928,101.011
289,JPN,1972,8.0,13.0,8.0,29.0,Japan,1656605218629.04,15455.136942839124,107.188
290,JPN,1976,9.0,9.0,6.0,24.0,Japan,1894837095328.83,16801.925030625847,112.775
291,JPN,1984,13.0,10.0,6.0,29.0,Japan,2631276932026.82,21912.151861852384,120.083
292,JPN,1988,6.0,4.0,3.0,13.0,Japan,3190321043519.37,26026.864882110738,122.578
293,JPN,1992,7.0,3.0,8.0,18.0,Japan,3665890719855.77,29462.653967094797,124.425
294,JPN,1996,5.0,3.0,6.0,14.0,Japan,3904273220115.03,31046.1701544648,125.757
295,JPN,2000,4.0,5.0,8.0,17.0,Japan,3986755544464.21,31430.63113032812,126.843
296,JPN,2004,11.0,16.0,9.0,36.0,Japan,4154163710034.48,32515.115802431726,127.761
297,JPN,2008,6.0,9.0,7.0,22.0,Japan,4297492743392.06,33557.64540415312,128.063
298,JPN,2012,12.0,7.0,14.0,33.0,Japan,4277925608850.6,33518.44493689208,127.629
299,JPN,2016,19.0,12.0,8.0,39.0,Japan,4478437728055.55,35242.19937718806,127.076
300,KAZ,1996,3.0,3.0,4.0,10.0,Kazakhstan,58824692394.0305,3776.083914686216,15.578227
301,KAZ,2000,0.0,3.0,4.0,7.0,Kazakhstan,66179336523.5672,4446.4525327072315,14.883626
302,KAZ,2004,2.0,1.0,4.0,7.0,Kazakhstan,98798721941.0635,6580.885048639465,15.012984
303,KAZ,2008,4.0,2.0,4.0,10.0,Kazakhstan,134968921112.523,8554.82357302304,15.776938
304,KAZ,2012,3.0,7.0,1.0,11.0,Kazakhstan,164960352055.812,9823.693897294024,16.79209
305,KAZ,2016,8.0,3.0,5.0,16.0,Kazakhstan,186416704902.17,10476.347572386958,17.794055
306,KEN,1964,1.0,0.0,0.0,1.0,Kenya,7033249432.61442,777.3790855430877,9.047387
307,KEN,1968,1.0,3.0,4.0,8.0,Kenya,9187096901.87082,865.5740877599033,10.613877
308,KEN,1972,4.0,2.0,3.0,9.0,Kenya,13527080499.1591,1097.7186543754422,12.322903
309,KEN,1984,2.0,1.0,0.0,3.0,Kenya,22182594065.2399,1182.871320849327,18.753176
310,KEN,1988,1.0,5.0,2.0,8.0,Kenya,27898989515.4315,1290.0597488274366,21.626122
311,KEN,1992,2.0,2.0,4.0,8.0,Kenya,30622860607.1691,1242.0183584626216,24.655723
312,KEN,1996,3.0,1.0,4.0,8.0,Kenya,34295373364.4757,1241.8779410577977,27.615736
313,KEN,2000,2.0,2.0,3.0,7.0,Kenya,36630890562.8824,1187.3252420921751,30.851606
314,KEN,2004,2.0,1.0,4.0,7.0,Kenya,41352537462.9266,1188.5701422289585,34.791836
315,KEN,2008,5.0,6.0,4.0,15.0,Kenya,49939938452.7814,1274.4040693395434,39.186895
316,KEN,2012,5.0,2.0,4.0,11.0,Kenya,61281286574.995,1401.4901537777257,43.725806
317,KEN,2016,1.0,6.0,6.0,13.0,Kenya,73074948912.6476,1525.7428209161394,47.89467
318,KGZ,2008,0.0,0.0,1.0,1.0,Kyrgyz Republic,5140073377.27744,966.4153603845751,5.3187
319,LTU,1996,1.0,0.0,0.0,1.0,Lithuania,18837373099.266,5230.260191549175,3.601613
320,LTU,2000,3.0,2.0,0.0,5.0,Lithuania,22478991899.5918,6423.4206762244485,3.499536
321,LTU,2004,0.0,1.0,2.0,3.0,Lithuania,30120407999.1594,8919.081749490137,3.377075
322,LTU,2008,3.0,0.0,2.0,5.0,Lithuania,39739293390.5074,12425.398099920674,3.198231
323,LTU,2012,1.0,2.0,1.0,4.0,Lithuania,37881055682.4922,12678.692685987926,2.987773
324,LTU,2016,3.0,0.0,1.0,4.0,Lithuania,42479223269.264,14810.251778627315,2.868231
325,MAR,1984,0.0,2.0,0.0,2.0,Morocco,26449096811.3842,1212.3008790322217,21.817271
326,MAR,1988,2.0,1.0,0.0,3.0,Morocco,34164383696.1542,1440.283892439193,23.72059
327,MAR,1992,1.0,1.0,1.0,3.0,Morocco,38140350597.2209,1501.5486437140846,25.400676
328,MAR,1996,2.0,0.0,0.0,2.0,Morocco,44503276933.315,1648.3248875551117,26.999093
329,MAR,2000,3.0,0.0,1.0,4.0,Morocco,48396220258.5667,1694.8769659111106,28.554415
330,MAR,2004,0.0,2.0,1.0,3.0,Morocco,59475297877.0581,1980.3233222336369,30.033125
331,MAR,2008,1.0,0.0,1.0,2.0,Morocco,72472956315.2237,2290.9111630318635,31.634992
332,MAR,2012,1.0,0.0,0.0,1.0,Morocco,85030105753.2061,2549.4625477943005,33.352169
333,MDA,1996,1.0,0.0,1.0,2.0,Moldova,4174442200.74922,1416.3648475903888,2.947293
334,MDA,2000,1.0,0.0,1.0,2.0,Moldova,3912796578.89458,1337.8600849377024,2.924668
335,MDA,2008,1.0,0.0,0.0,1.0,Moldova,6409270985.30355,2234.1038970562417,2.868833
336,MDA,2012,2.0,0.0,0.0,2.0,Moldova,6787618499.20909,2373.0243494125457,2.860324
337,MEX,1960,1.0,0.0,0.0,1.0,Mexico,141339651299.279,3897.0838469082223,36.268055
338,MEX,1964,1.0,0.0,0.0,1.0,Mexico,187913110958.288,4546.225035025458,41.333878
339,MEX,1968,1.0,3.0,3.0,7.0,Mexico,247324378524.184,5243.21839218965,47.170337
340,MEX,1972,0.0,0.0,1.0,1.0,Mexico,305920490043.321,5713.501278538064,53.543436
341,MEX,1976,0.0,1.0,0.0,1.0,Mexico,385385005141.177,6375.0007198403055,60.452543
342,MEX,1980,3.0,0.0,1.0,4.0,Mexico,520217776788.95,7683.57355652121,67.705186
343,MEX,1984,1.0,2.0,3.0,6.0,Mexico,560536676759.343,7627.422994253627,73.489654
344,MEX,1988,2.0,0.0,0.0,2.0,Mexico,571972511756.533,7250.068486101324,78.892015
345,MEX,1992,0.0,0.0,1.0,1.0,Mexico,675781907471.657,7951.014830694584,84.993164
346,MEX,1996,1.0,0.0,0.0,1.0,Mexico,723343156837.845,7897.918606479357,91.586555
347,MEX,2000,3.0,1.0,2.0,6.0,Mexico,876437526455.268,8954.804373338255,97.873442
348,MEX,2004,1.0,0.0,3.0,4.0,Mexico,919869577686.507,8849.51063576276,103.945813
349,MEX,2008,1.0,2.0,0.0,3.0,Mexico,1017439334703.69,9276.054836738947,109.684489
350,MEX,2012,2.0,1.0,3.0,6.0,Mexico,1088334499223.12,9401.97790873138,115.755909
351,MEX,2016,2.0,0.0,3.0,5.0,Mexico,1202693965604.17,9897.150061587128,121.519221
352,MKD,2000,1.0,0.0,0.0,1.0,North Macedonia,6653272732.57214,3283.377862941812,2.02635
353,MNE,2012,0.0,0.0,1.0,1.0,Montenegro,3720967106.3403,5995.7478417538805,0.620601
354,MOZ,1996,1.0,0.0,0.0,1.0,Mozambique,3774016074.94064,234.70901678303122,16.079553
355,MOZ,2000,0.0,1.0,0.0,1.0,Mozambique,5218763943.39345,293.7086684216511,17.768505
356,NAM,1992,0.0,0.0,2.0,2.0,Namibia,4536309434.99777,3103.47525496072,1.461687
357,NAM,1996,0.0,0.0,2.0,2.0,Namibia,4869576677.10434,2951.1405465625858,1.650066
358,NOR,1960,0.0,1.0,0.0,1.0,Norway,68523641465.0293,19134.0598784469,3.581239
359,NOR,1968,0.0,1.0,1.0,2.0,Norway,96883481100.1873,25385.51984736412,3.816486
360,NOR,1972,1.0,2.0,1.0,4.0,Norway,114884158313.527,29210.28260167724,3.933004
361,NOR,1976,0.0,1.0,1.0,2.0,Norway,138613702593.779,34428.33320594429,4.026152
362,NOR,1984,2.0,0.0,1.0,3.0,Norway,183787620130.206,44392.0834091663,4.140099
363,NOR,1988,0.0,2.0,3.0,5.0,Norway,204850304846.543,48663.94793061365,4.209488
364,NOR,1992,1.0,2.0,4.0,7.0,Norway,225258737211.946,52551.95144176805,4.286401
365,NOR,1996,3.0,2.0,2.0,7.0,Norway,266239041025.111,60766.63397308743,4.381336
366,NOR,2000,3.0,4.0,3.0,10.0,Norway,302860679962.798,67437.74335522794,4.490967
367,NOR,2004,1.0,5.0,0.0,6.0,Norway,329031642037.821,71654.6365320359,4.59191
368,NOR,2008,1.0,3.0,5.0,9.0,Norway,357823457683.166,75043.52945782738,4.768212
369,NOR,2012,1.0,2.0,1.0,4.0,Norway,367253074299.886,73178.78494541894,5.018573
370,NOR,2016,4.0,0.0,0.0,4.0,Norway,389935641211.119,74493.11793712451,5.234519
371,NZL,1984,2.0,8.0,1.0,11.0,New Zealand,83451718474.8688,25859.663002345387,3.2271
372,NZL,1988,8.0,3.0,2.0,13.0,New Zealand,87627934238.7419,26688.169043900194,3.2834
373,NZL,1992,5.0,1.0,4.0,10.0,New Zealand,87896461235.3772,24887.861719675282,3.5317
374,NZL,1996,1.0,3.0,2.0,6.0,New Zealand,106665233354.835,28581.25223870177,3.732
375,NZL,2000,3.0,1.0,0.0,4.0,New Zealand,119061958541.816,30863.45712259014,3.8577
376,NZL,2004,0.0,3.0,2.0,5.0,New Zealand,140242788054.185,34310.16221509113,4.0875
377,NZL,2008,4.0,3.0,2.0,9.0,New Zealand,151881550236.231,35654.61999066411,4.2598
378,NZL,2012,4.0,6.0,2.0,12.0,New Zealand,160990384072.247,36521.49090815703,4.4081
379,NZL,2016,5.0,4.0,9.0,18.0,New Zealand,184772956990.185,39195.807681250924,4.7141
380,PAK,1960,1.0,1.0,0.0,2.0,Pakistan,17051906515.055,371.06285970424136,45.954226
381,PAK,1964,0.0,0.0,1.0,1.0,Pakistan,22077358881.9207,436.7206113174316,50.552592
382,PAK,1968,0.0,1.0,0.0,1.0,Pakistan,29148034250.9794,519.3437456093011,56.124743
383,PAK,1972,0.0,0.0,1.0,1.0,Pakistan,34685313827.6526,554.8801023915717,62.509565
384,PAK,1976,1.0,0.0,0.0,1.0,Pakistan,42135607957.715,599.9580549114384,70.230923
385,PAK,1984,0.0,1.0,0.0,1.0,Pakistan,69807101510.0994,742.5981902435929,94.003867
386,PAK,1988,1.0,0.0,0.0,1.0,Pakistan,90783898907.1746,840.842056198019,107.967838
387,PAK,1992,1.0,0.0,0.0,1.0,Pakistan,112631328025.675,920.3772280134929,122.375179
388,PAN,2008,0.0,1.0,0.0,1.0,Panama,34788191332.2434,9952.916831816257,3.495276
389,PER,1984,0.0,0.0,1.0,1.0,Peru,64451178017.4545,3341.924767127557,19.285646
390,PER,1988,0.0,0.0,1.0,1.0,Peru,71524042000.7667,3382.7431863482384,21.143799
391,PER,1992,0.0,0.0,1.0,1.0,Peru,60586278760.7225,2628.785821227875,23.047248
392,POL,1992,9.0,3.0,6.0,18.0,Poland,185686615838.017,4840.1685855008855,38.363667
393,POL,1996,5.0,7.0,5.0,17.0,Poland,230514657116.328,5968.114356721624,38.62437
394,POL,2000,3.0,6.0,5.0,14.0,Poland,280975991510.811,7344.120760595237,38.258629
395,POL,2004,5.0,3.0,2.0,10.0,Poland,315432020161.825,8261.227441447096,38.182222
396,POL,2008,0.0,3.0,6.0,9.0,Poland,386561612946.014,10139.11914372679,38.125759
397,POL,2012,5.0,2.0,2.0,9.0,Poland,436448070035.814,11466.415930000303,38.063164
398,POL,2016,5.0,2.0,3.0,10.0,Poland,491202812044.038,12936.57325683868,37.970087
399,QAT,2000,1.0,0.0,0.0,1.0,Qatar,33690629183.4261,52157.76334754953,0.645937
400,QAT,2012,2.0,0.0,0.0,2.0,Qatar,138866156527.608,72870.3737957495,1.90566
401,QAT,2016,0.0,0.0,1.0,1.0,Qatar,166695978169.384,64233.26221497353,2.595166
402,ROU,1992,8.0,4.0,6.0,18.0,Romania,92481537217.6712,4057.2249261117922,22.794284
403,ROU,1996,6.0,4.0,7.0,17.0,Romania,107721592103.075,4762.437466436409,22.619004
404,ROU,2000,6.0,11.0,6.0,23.0,Romania,102501583178.018,4567.202050834447,22.442971
405,ROU,2004,5.0,8.0,5.0,18.0,Romania,128836343224.921,6005.866898348843,21.451748
406,ROU,2008,3.0,4.0,1.0,8.0,Romania,170755257687.594,8314.163840591784,20.537875
407,ROU,2012,2.0,2.0,5.0,9.0,Romania,165162609237.768,8234.236765354533,20.058035
408,ROU,2016,1.0,1.0,1.0,3.0,Romania,182965489563.723,9286.519645872375,19.702267
409,RUS,1996,12.0,26.0,21.0,59.0,Russian Federation,694405609132.078,4686.858831852651,148.160129
410,RUS,2000,27.0,32.0,28.0,87.0,Russian Federation,780432233409.801,5323.662358776578,146.596869
411,RUS,2004,33.0,28.0,26.0,87.0,Russian Federation,987822416663.347,6856.672589522991,144.067316
412,RUS,2008,26.0,23.0,21.0,70.0,Russian Federation,1298055199647.43,9093.692615739814,142.742366
413,RUS,2012,27.0,24.0,26.0,77.0,Russian Federation,1356934050143.93,9475.682559317356,143.201721
414,RUS,2016,19.0,19.0,17.0,55.0,Russian Federation,1366121990896.57,9464.454098656613,144.342397
415,SEN,1988,0.0,0.0,1.0,1.0,Senegal,7412287138.2477,1041.9829097591864,7.113636
416,SGP,1960,0.0,0.0,1.0,1.0,Singapore,5946828629.61885,3612.019332858874,1.6464
417,SGP,2008,0.0,0.0,1.0,1.0,Singapore,215848632528.368,44602.39098605859,4.839396
418,SGP,2012,2.0,0.0,0.0,2.0,Singapore,274548297934.245,51680.29247862045,5.312437
419,SGP,2016,0.0,1.0,0.0,1.0,Singapore,318974323537.969,56885.71872294817,5.607283
420,SRB,2008,2.0,0.0,1.0,3.0,Serbia,38742722729.4199,5270.959534204531,7.350222
421,SRB,2012,2.0,1.0,1.0,4.0,Serbia,38468844257.1275,5343.58005298839,7.199077
422,SRB,2016,2.0,2.0,4.0,8.0,Serbia,40979907436.1694,5805.899395942747,7.058322
423,SUR,1988,0.0,1.0,0.0,1.0,Suriname,2683918643.38919,6674.106822241041,0.402139
424,SUR,1992,1.0,0.0,0.0,1.0,Suriname,2753877326.7384,6564.337248286498,0.419521
425,SVK,1996,1.0,1.0,1.0,3.0,Slovak Republic,43117931007.4457,8024.387530903973,5.373361
426,SVK,2000,1.0,1.0,3.0,5.0,Slovak Republic,48038277837.8844,8914.598984152897,5.38872
427,SVK,2004,2.0,2.0,2.0,6.0,Slovak Republic,57575655083.7484,10717.173171120716,5.37228
428,SVK,2008,1.0,3.0,2.0,6.0,Slovak Republic,77932749070.0484,14487.70653177663,5.379233
429,SVK,2012,3.0,0.0,1.0,4.0,Slovak Republic,81795230834.9206,15126.035298776142,5.407579
430,SVK,2016,0.0,2.0,2.0,4.0,Slovak Republic,90629072613.9167,16687.984457149152,5.430798
431,SWE,1960,3.0,1.0,2.0,6.0,Sweden,123686642725.624,16525.361048740782,7.484656
432,SWE,1964,4.0,2.0,2.0,8.0,Sweden,153332968452.576,20013.821114724105,7.661354
433,SWE,1968,1.0,2.0,1.0,4.0,Sweden,174102879451.687,22004.154741840557,7.912273
434,SWE,1972,5.0,4.0,4.0,13.0,Sweden,202534930030.788,24935.66231618975,8.1223
435,SWE,1976,0.0,4.0,1.0,5.0,Sweden,225211512171.391,27390.376857651387,8.222286
436,SWE,1980,6.0,3.0,3.0,12.0,Sweden,238138025327.291,28654.971063496545,8.310531
437,SWE,1984,6.0,2.0,11.0,19.0,Sweden,257250711527.949,30857.970544118256,8.336605
438,SWE,1988,5.0,0.0,4.0,9.0,Sweden,286070699812.652,33908.73855375761,8.436489
439,SWE,1992,4.0,1.0,7.0,12.0,Sweden,289102037155.611,33352.53836358337,8.668067
440,SWE,1996,2.0,2.0,4.0,8.0,Sweden,310667391570.025,35139.40299161079,8.840998
441,SWE,2000,3.0,4.0,5.0,12.0,Sweden,364795858131.684,41117.15243035044,8.872109
442,SWE,2004,1.0,4.0,2.0,7.0,Sweden,403731506887.751,44891.32320639702,8.993531
443,SWE,2008,1.0,0.0,4.0,5.0,Sweden,447559127029.566,48544.11589410364,9.219637
444,SWE,2012,2.0,1.0,4.0,7.0,Sweden,465359818585.788,48885.548417972444,9.519374
445,SWE,2016,3.0,2.0,6.0,11.0,Sweden,515562425649.407,51955.8610703634,9.923085
446,SYR,1984,0.0,0.0,1.0,1.0,Syrian Arab Republic,10835164437.7507,1064.0300109603445,10.183138
447,SYR,1996,0.0,1.0,0.0,1.0,Syrian Arab Republic,19075540946.3138,1296.872518042592,14.708879
448,SYR,2004,1.0,0.0,0.0,1.0,Syrian Arab Republic,25006852184.8063,1382.8158872536546,18.084007
449,THA,1984,0.0,0.0,1.0,1.0,Thailand,84289344063.5606,1698.1246398042022,49.636724
450,THA,1996,1.0,1.0,0.0,2.0,Thailand,225710822686.697,3748.658265358548,60.211096
451,THA,2000,1.0,1.0,0.0,2.0,Thailand,221454725108.405,3511.442103650406,63.066603
452,THA,2004,3.0,3.0,1.0,7.0,Thailand,277043701431.254,4241.90407856528,65.311166
453,THA,2008,0.0,2.0,2.0,4.0,Thailand,324965101944.033,4826.579556670612,67.328239
454,THA,2012,1.0,0.0,2.0,3.0,Thailand,375224420609.029,5425.6878670012875,69.157023
455,THA,2016,1.0,2.0,2.0,5.0,Thailand,415081602962.932,5878.756857661822,70.607037
456,TJK,2008,1.0,0.0,1.0,2.0,Tajikistan,5329056487.56698,727.5532921426552,7.324627
457,TJK,2016,0.0,1.0,0.0,1.0,Tajikistan,8842123455.64798,1013.3869568591058,8.725318
458,TTO,1964,2.0,0.0,1.0,3.0,Trinidad and Tobago,4844329118.14151,5303.628664079455,0.913399
459,TTO,1976,0.0,1.0,0.0,1.0,Trinidad and Tobago,7059051188.12887,6611.4804102749,1.067696
460,TTO,1996,2.0,0.0,0.0,2.0,Trinidad and Tobago,9888797887.72054,7528.964445659652,1.313434
461,TTO,2000,1.0,0.0,1.0,2.0,Trinidad and Tobago,13276250137.8511,9965.635971282982,1.332203
462,TTO,2004,1.0,0.0,0.0,1.0,Trinidad and Tobago,18441046804.5707,13547.918120980083,1.361172
463,TTO,2008,0.0,1.0,1.0,2.0,Trinidad and Tobago,24014928357.521,17242.157259512653,1.392803
464,TTO,2012,2.0,1.0,1.0,4.0,Trinidad and Tobago,25216969410.255,17629.596540111455,1.430377
465,TTO,2016,1.0,0.0,0.0,1.0,Trinidad and Tobago,25035585054.4578,17038.77621395997,1.46933
466,TUN,1968,1.0,1.0,0.0,2.0,Tunisia,5556554325.03504,1161.2436449956333,4.785003
467,TUN,1972,0.0,0.0,1.0,1.0,Tunisia,7930564449.61083,1490.6661336509492,5.320148
468,TUN,1996,1.0,0.0,0.0,1.0,Tunisia,22798765396.2342,2417.543557505575,9.43055
469,TUN,2008,0.0,1.0,0.0,1.0,Tunisia,39642192284.535,3711.6836933269233,10.68038
470,TUN,2012,1.0,1.0,1.0,3.0,Tunisia,42938822638.3433,3842.612396437754,11.174383
471,TUN,2016,2.0,0.0,0.0,2.0,Tunisia,46291905707.6011,3961.426053609186,11.685667
472,TUR,1960,0.0,7.0,2.0,9.0,Turkiye,68945226535.3849,2506.0985299464032,27.51098
473,TUR,1964,1.0,2.0,3.0,6.0,Turkiye,84687055315.0901,2766.3917453112244,30.612821
474,TUR,1968,0.0,2.0,0.0,2.0,Turkiye,108299799385.208,3196.1858007104515,33.884075
475,TUR,1972,0.0,0.0,1.0,1.0,Turkiye,131964123656.633,3548.564038315899,37.188035
476,TUR,1984,2.0,0.0,0.0,2.0,Turkiye,210848422225.247,4382.926738228474,48.106764
477,TUR,1988,0.0,1.0,1.0,2.0,Turkiye,263489521766.27,5040.364148104795,52.27589
478,TUR,1992,1.0,2.0,2.0,5.0,Turkiye,305464855325.057,5425.46720512185,56.302037
479,TUR,1996,1.0,4.0,1.0,6.0,Turkiye,363140280866.026,6022.847542962819,60.293786
480,TUR,2000,2.0,3.0,0.0,5.0,Turkiye,413826859269.854,6454.593118516029,64.113547
481,TUR,2004,5.0,3.0,3.0,11.0,Turkiye,482122333632.277,7112.514570977121,67.785075
482,TUR,2008,1.0,1.0,3.0,5.0,Turkiye,595141428332.854,8344.578942351962,71.320726
483,TUR,2012,0.0,2.0,2.0,4.0,Turkiye,715662340203.413,9506.99638178994,75.277439
484,TUR,2016,3.0,1.0,3.0,7.0,Turkiye,893038641113.713,11022.529261496487,81.019394
485,UGA,1996,1.0,0.0,0.0,1.0,Uganda,9945450393.05649,468.0306216547086,21.249572
486,UGA,2012,0.0,1.0,0.0,1.0,Uganda,28279643367.3932,825.1218147363188,34.273295
487,UKR,1996,12.0,9.0,2.0,23.0,Ukraine,69440744318.0446,1360.0418411691182,51.0578
488,UKR,2000,9.0,3.0,10.0,22.0,Ukraine,69836362455.4224,1420.1165689998759,49.1765
489,UKR,2004,9.0,8.0,5.0,22.0,Ukraine,97995494000.0736,2065.1661968353537,47.451626
490,UKR,2008,13.0,7.0,5.0,25.0,Ukraine,120217307398.493,2598.832984976844,46.258189
491,UKR,2012,8.0,6.0,5.0,19.0,Ukraine,112148536671.467,2459.756880104709,45.593342
492,UKR,2016,4.0,2.0,5.0,11.0,Ukraine,93253008739.2733,2072.0739097309583,45.004673
493,USA,1960,16.0,34.0,21.0,71.0,United States,3457188037625.69,19135.268181532676,180.671
494,USA,1964,28.0,36.0,26.0,90.0,United States,4144767611565.47,21599.8187054259,191.889
495,USA,1968,33.0,45.0,28.0,106.0,United States,5045178883832.25,25137.16024350169,200.706
496,USA,1972,28.0,33.0,31.0,92.0,United States,5639408133000.0,26867.630316918854,209.896
497,USA,1976,24.0,34.0,35.0,93.0,United States,6232037023000.0,28582.73682206985,218.035
498,USA,1984,28.0,80.0,61.0,169.0,United States,7995965282000.0,33906.35124350684,235.825
499,USA,1988,24.0,36.0,31.0,91.0,United States,9288319548000.0,37989.192381154935,244.499
500,USA,1992,36.0,37.0,33.0,106.0,United States,10145647340000.0,39552.02187794818,256.514
501,USA,1996,22.0,44.0,31.0,97.0,United States,11556037222000.0,42896.416482920926,269.394
502,USA,2000,30.0,36.0,24.0,90.0,United States,13754300444000.0,48746.040960076716,282.162411
503,USA,2004,25.0,36.0,39.0,100.0,United States,15075141499000.0,51485.2074124697,292.805298
504,USA,2008,31.0,36.0,39.0,106.0,United States,16376725286000.0,53854.16061165778,304.093966
505,USA,2012,27.0,46.0,28.0,101.0,United States,17016393933000.0,54213.459551638945,313.877662
506,USA,2016,37.0,46.0,36.0,119.0,United States,18509601053000.0,57292.538782909076,323.071755
507,UZB,1996,0.0,0.0,1.0,1.0,Uzbekistan,26485319852.2279,1140.379756823591,23.225
508,UZB,2000,1.0,1.0,1.0,3.0,Uzbekistan,31472652457.9377,1276.7603145562628,24.6504
509,UZB,2004,0.0,2.0,1.0,3.0,Uzbekistan,38174996010.7706,1475.9696652253235,25.86435
510,UZB,2008,2.0,1.0,2.0,5.0,Uzbekistan,52362657828.6286,1917.8493718090672,27.3028
511,UZB,2012,1.0,1.0,0.0,2.0,Uzbekistan,70106848793.8496,2354.5936554383647,29.7745
512,UZB,2016,2.0,4.0,2.0,8.0,Uzbekistan,91309557626.7441,2867.0511282296193,31.8479
