Country/Territory;Code;1996;1998;2000;2002;2003;2004;2005;2006;2007;2008;2009;2010;2011;2012;2013;2014;2015;2016;2017;2018;2019;2020;2021
Aruba;ABW;#N/A;#N/A;#N/A;#N/A;#N/A;0,99;1,38;1,3;1,29;1,32;1,12;1,1;1,29;1,26;1,31;1,16;1,23;1,28;1,34;1,36;1,35;1,39;1,47
Andorra;ADO;1,17;1,18;1,17;1,28;1,47;1,4;1,38;1,35;1,34;1,34;1,3;1,28;1,3;1,29;1,28;1,29;1,39;1,41;1,42;1,42;1,6;1,62;1,63
Afghanistan;AFG;-2,42;-2,43;-2,44;-2,04;-2,2;-2,3;-2,07;-2,22;-2,41;-2,69;-2,71;-2,58;-2,5;-2,42;-2,52;-2,41;-2,57;-2,67;-2,8;-2,76;-2,66;-2,71;-2,53
Angola;AGO;-2,06;-2,32;-2,04;-1,58;-1,01;-1,06;-0,89;-0,54;-0,67;-0,36;-0,35;-0,23;-0,37;-0,39;-0,39;-0,33;-0,5;-0,32;-0,38;-0,34;-0,36;-0,51;-0,71
Anguilla;AIA;#N/A;#N/A;#N/A;#N/A;#N/A;0,79;1,19;1,1;1,09;1,11;0,87;1,37;1,55;1,48;1,53;1,16;1,25;1,32;1,39;1,29;1,36;1,55;1,59
Albania;ALB;-0,34;-0,54;-0,54;-0,3;-0,31;-0,43;-0,51;-0,51;-0,2;-0,03;-0,05;-0,19;-0,28;-0,14;0,09;0,49;0,35;0,34;0,38;0,37;0,11;0,09;0,11
Netherlands Antilles (former);ANT;#N/A;#N/A;#N/A;#N/A;#N/A;0,69;0,82;1,1;1,09;1,11;0,87;0,96;1,21;1,08;0,68;#N/A;#N/A;#N/A;#N/A;#N/A;#N/A;#N/A;#N/A
United Arab Emirates;ARE;0,96;0,87;0,98;0,94;0,99;0,77;0,88;0,92;0,98;0,7;0,92;0,8;0,91;0,86;0,89;0,77;0,76;0,56;0,62;0,7;0,69;0,62;0,65
Argentina;ARG;0,11;-0,13;0,1;-0,78;-0,36;-0,61;-0,04;0;0,1;-0,09;-0,23;-0,08;0,16;0,1;0,07;-0,01;0,01;0,2;0,17;0,01;-0,09;-0,08;-0,11
Armenia;ARM;-0,36;-0,66;-0,68;-0,26;0,24;-0,12;-0,07;-0,26;0,15;-0,01;0,23;0,07;-0,06;0,15;0,11;-0,3;-0,25;-0,66;-0,62;-0,44;-0,41;-0,76;-0,84
American Samoa;ASM;#N/A;#N/A;#N/A;#N/A;#N/A;0,74;0,75;0,7;0,97;0,98;0,95;0,92;0,93;0,95;0,93;1,08;1,18;1,19;1,22;1,22;1,17;1,17;1,05
Antigua and Barbuda;ATG;0,72;0,73;0,71;0,79;0,87;1,08;0,83;0,8;0,8;0,81;0,72;0,9;0,96;0,98;0,96;0,98;1;0,88;0,75;0,84;0,95;0,94;0,96
Australia;AUS;1,4;1,07;1,33;1,19;0,88;0,94;0,89;0,93;0,93;0,95;0,86;0,89;0,94;1;1,03;1,03;0,88;1,05;0,9;0,99;0,91;0,85;0,85
Austria;AUT;1,41;1,11;0,82;1,36;0,96;1,09;1,1;1,07;1,28;1,34;1,19;1,15;1,19;1,34;1,36;1,27;1,14;0,91;1,05;0,9;0,92;0,91;0,91
Azerbaijan;AZE;-0,83;-0,7;-0,83;-1,19;-0,95;-1,06;-1,12;-1,09;-0,63;-0,33;-0,28;-0,24;-0,53;-0,72;-0,41;-0,56;-0,73;-0,8;-0,75;-0,71;-0,69;-0,84;-0,85
Burundi;BDI;-2,12;-2,3;-2,01;-2,28;-2,24;-2,52;-1,52;-1,43;-1,38;-1,64;-1,27;-1,63;-1,81;-1,7;-1,35;-0,78;-1,94;-1,97;-2,01;-1,57;-1,62;-1,54;-1,36
Belgium;BEL;1,29;1,02;1,13;1,26;0,86;0,71;0,79;0,86;0,76;0,62;0,82;0,81;0,95;0,92;0,94;0,7;0,59;0,44;0,43;0,4;0,47;0,54;0,61
Benin;BEN;1,05;0,74;0,8;0,82;0,68;0,27;0,45;0,55;0,39;0,38;0,4;0,26;0,32;0,36;0,3;0,03;-0,01;0;0,03;-0,14;-0,41;-0,43;-0,3
Burkina Faso;BFA;-0,3;-0,11;0,06;-0,31;0,07;-0,08;-0,06;0,16;0,31;0,12;0,03;-0,12;-0,56;-0,57;-0,76;-0,79;-0,61;-0,87;-0,93;-1,06;-1,3;-1,54;-1,64
Bangladesh;BGD;-0,55;-0,37;-0,73;-1,03;-1,12;-1,36;-1,86;-1,51;-1,54;-1,51;-1,55;-1,43;-1,4;-1,38;-1,63;-0,9;-1,21;-1,26;-1,26;-1;-0,93;-0,92;-0,97
Bulgaria;BGR;-0,09;0,58;0,38;0,47;0,17;0;0,15;0,39;0,36;0,37;0,35;0,36;0,3;0,38;0,17;0,08;0,02;0,08;0,33;0,46;0,58;0,42;0,46
Bahrain;BHR;-0,31;-0,16;0,06;0,29;0,48;0,31;0,01;-0,37;-0,25;-0,24;-0,14;-0,49;-0,95;-1,13;-1,34;-0,91;-1,07;-0,79;-0,96;-0,85;-0,63;-0,62;-0,51
Bahamas, The;BHS;1,07;1,09;1,28;0,96;0,83;0,89;0,94;0,81;0,73;0,77;0,86;0,99;1,1;1,18;1,13;0,96;0,91;0,98;0,99;0,86;0,82;0,85;0,88
Bosnia and Herzegovina;BIH;-0,59;-0,59;-0,53;-0,16;-0,41;0,02;-0,5;-0,44;-0,63;-0,54;-0,67;-0,69;-0,82;-0,54;-0,4;-0,02;-0,4;-0,4;-0,35;-0,4;-0,42;-0,44;-0,38
Belarus;BLR;0,09;0,11;0,14;0,3;0,69;0,16;0,36;0,15;0,34;0,52;0,49;-0,09;-0,09;0,07;0,01;0,18;0,11;0,14;-0,05;0,35;0,33;-0,9;-0,74
Belize;BLZ;0,56;0,6;0,18;0,42;0,49;0,4;0,1;0,08;0,19;0,19;0,03;0,07;0,15;0,18;0,18;0,05;0,04;0,06;0,04;0;0,06;0,52;0,46
Bermuda;BMU;0,72;0,73;0,71;0,79;0,85;0,89;0,82;0,77;0,77;0,8;0,69;0,91;0,96;0,98;0,97;0,91;0,98;1;1;1,15;1,07;1,01;1,01
Bolivia;BOL;-0,13;-0,24;-0,24;-0,29;-0,83;-0,68;-0,97;-0,8;-0,85;-0,7;-0,51;-0,42;-0,42;-0,46;-0,33;-0,33;-0,27;-0,25;-0,28;-0,29;-0,73;-0,46;-0,32
Brazil;BRA;-0,22;-0,34;0,18;0,33;0;-0,28;-0,26;-0,29;-0,36;-0,31;0,16;0,01;-0,13;0,05;-0,26;-0,07;-0,33;-0,38;-0,47;-0,44;-0,71;-0,43;-0,49
Barbados;BRB;1,05;1,08;1,15;1,1;0,92;1,09;1,11;0,91;1,04;1,07;1,05;1,06;1,25;1,19;1,27;1,28;1,14;0,98;0,97;0,91;1,05;1,13;1,12
Brunei Darussalam;BRN;1,24;1,11;1,3;1,16;1,14;1,37;1,21;1,12;1,11;1,13;1,39;1,28;1,09;0,91;1,07;1,26;1,24;1,15;1,16;1,24;1,11;1,18;1,17
Bhutan;BTN;0,72;0,54;0,49;0,69;0,92;1,17;1,28;1,26;0,57;0,72;0,8;0,74;0,83;0,78;0,78;1,07;0,97;1,12;1,12;1,09;1,08;1,02;0,97
South Sudan;SSD;#N/A;#N/A;#N/A;#N/A;#N/A;#N/A;#N/A;#N/A;#N/A;#N/A;#N/A;#N/A;-1,43;-1,16;-1,73;-2,65;-2,38;-2,42;-2,45;-2,44;-2,51;-2,21;-2,3
Botswana;BWA;1,02;0,96;1,07;0,87;1,1;0,92;1,06;1,02;1,06;1,03;0,95;0,99;1,06;1,1;1,1;1,01;1,04;0,99;1,02;0,97;1,11;1,03;0,98
Central African Republic;CAF;-1,21;-1,14;-1,12;-1,73;-1,54;-1,42;-1,43;-1,85;-1,86;-1,84;-1,9;-2,02;-1,79;-1,85;-2,15;-2,7;-1,9;-1,79;-2,01;-2,18;-2,14;-2,23;-2,1
Canada;CAN;1,23;0,95;1,17;1,22;1,05;0,88;0,83;1,03;1,01;1,04;1,13;0,94;1,08;1,11;1,06;1,18;1,27;1,26;1,1;0,98;1,02;1,03;0,94
Switzerland;CHE;1,46;1,44;1,58;1,54;1,25;1,23;1,2;1,27;1,23;1,22;1,31;1,26;1,3;1,42;1,4;1,4;1,34;1,31;1,26;1,33;1,32;1,19;1,13
Chile;CHL;0,68;0,03;0,49;1,09;0,76;0,69;0,84;0,61;0,41;0,43;0,6;0,68;0,45;0,33;0,36;0,45;0,43;0,41;0,42;0,43;0,01;0,07;0,06
China;CHN;-0,1;-0,39;-0,21;-0,33;-0,57;-0,39;-0,5;-0,54;-0,5;-0,49;-0,45;-0,66;-0,6;-0,54;-0,54;-0,52;-0,55;-0,5;-0,23;-0,3;-0,26;-0,33;-0,48
Côte d'Ivoire;CIV;0,03;-0,2;-1,24;-1,92;-1,8;-2,11;-2,26;-1,86;-1,84;-1,8;-1,32;-1,58;-1,41;-1,26;-1,05;-1,04;-0,83;-0,91;-1,09;-0,9;-1,03;-1,03;-0,95
Cameroon;CMR;-0,96;-0,78;-0,56;-0,68;-0,43;-0,36;-0,18;-0,24;-0,33;-0,55;-0,47;-0,74;-0,66;-0,59;-0,53;-1,06;-0,99;-1,06;-1,1;-1,4;-1,56;-1,5;-1,41
Congo, Rep.;COG;-1,22;-1,5;-0,92;-1,59;-1,17;-1,19;-1,17;-0,92;-0,77;-0,72;-0,25;-0,32;-0,35;-0,49;-0,48;-0,36;-0,53;-0,52;-0,53;-0,35;-0,9;-0,81;-0,61
Cook Islands;COK;#N/A;#N/A;#N/A;#N/A;#N/A;#N/A;#N/A;#N/A;#N/A;#N/A;1,14;1,32;#N/A;#N/A;#N/A;#N/A;#N/A;#N/A;#N/A;0,86;1,06;1,12;1,11
Colombia;COL;-1,65;-1,79;-1,61;-1,96;-2,38;-2,27;-2,06;-1,9;-1,81;-1,85;-1,83;-1,54;-1,28;-1,4;-1,29;-1,11;-1,07;-0,88;-0,77;-0,8;-0,95;-0,66;-0,91
Comoros;COM;0,51;0,56;0,02;0,4;-0,67;-0,16;-0,44;-0,36;-1,1;-1,11;-0,77;-0,56;-0,55;-0,45;-0,26;-0,19;-0,23;0,04;0,04;-0,35;-0,15;-0,27;-0,23
Cape Verde;CPV;1,04;1,11;1,22;0,73;0,92;1,04;0,75;0,96;0,88;0,81;0,82;0,84;0,72;0,81;0,78;0,35;0,87;0,89;0,77;0,85;0,87;0,89;0,9
Costa Rica;CRI;0,75;0,9;0,87;1,07;0,6;0,63;0,71;0,74;0,58;0,36;0,59;0,69;0,51;0,64;0,68;0,58;0,68;0,66;0,61;0,47;0,45;0,77;0,87
Cuba;CUB;0,23;0,01;0,25;0,26;0,32;0,36;0,42;0,47;0,45;0,52;0,36;0,35;0,28;0,31;0,37;0,54;0,64;0,69;0,65;0,65;0,6;0,59;0,43
Cayman Islands;CYM;0,72;0,73;0,71;0,79;0,85;1,23;1,19;1,1;1,09;1,11;1,09;1,15;1,34;0,96;1,02;1,05;1,15;1,17;1,19;1,14;1,43;1,5;1,67
Cyprus;CYP;0,39;0,22;0,52;0,2;0,53;0,38;0,52;0,54;0,54;0,64;0,39;0,45;0,61;0,64;0,56;0,55;0,55;0,6;0,54;0,49;0,56;0,31;0,44
Czech Republic;CZE;1,15;0,9;0,33;1,04;0,89;0,65;0,94;1,05;1,02;1,05;0,91;0,99;1,11;1,05;1,08;0,99;0,98;0,98;1;1,03;0,94;0,92;0,96
Germany;DEU;1,29;1,24;1,41;1,1;0,58;0,64;0,89;1,03;1;0,94;0,86;0,8;0,84;0,78;0,93;0,93;0,7;0,68;0,59;0,59;0,57;0,68;0,76
Djibouti;DJI;-0,34;-0,96;-0,24;-0,31;-0,91;-0,34;-0,81;-0,26;-0,12;0,27;0,49;0,25;0,18;0,16;-0,1;-0,77;-0,44;-0,63;-0,74;-0,14;-0,35;-0,45;-0,71
Dominica;DMA;0,72;0,73;0,49;0,55;0,67;0,95;0,83;0,91;0,79;0,91;0,67;0,9;1,14;0,98;1,12;1,06;1,08;1;1,2;1,1;1,07;1,36;1,39
Denmark;DNK;1,44;1,43;1,5;1,52;1,2;1,08;1,07;1,05;1,12;1,07;1;1,04;1,1;0,91;0,96;0,95;0,9;0,87;0,87;0,95;1;0,95;0,95
Dominican Republic;DOM;-0,08;-0,42;0,01;0,12;-0,42;-0,34;-0,26;-0,11;-0,08;-0,04;0;-0,04;0;0,25;0,21;0,15;0,24;0,25;0,16;0,02;0,01;0,16;0,14
Algeria;DZA;-1,78;-1,88;-1,43;-1,63;-1,75;-1,36;-0,91;-1,13;-1,15;-1,1;-1,2;-1,26;-1,36;-1,33;-1,2;-1,19;-1,09;-1,1;-0,92;-0,84;-1,04;-0,84;-0,88
Ecuador;ECU;-0,77;-0,16;-0,57;-0,76;-0,96;-0,84;-0,79;-0,85;-0,82;-0,73;-0,67;-0,59;-0,69;-0,57;-0,18;-0,02;-0,14;-0,09;-0,07;-0,09;-0,23;-0,27;-0,27
Egypt, Arab Rep.;EGY;-0,53;-0,02;0,05;-0,41;-0,64;-0,82;-0,63;-0,84;-0,55;-0,51;-0,61;-0,9;-1,44;-1,44;-1,64;-1,63;-1,5;-1,44;-1,42;-1,18;-1,11;-1,17;-1,02
Eritrea;ERI;-0,94;-0,97;-0,77;-0,27;-0,72;-0,64;-0,8;-0,9;-1,05;-0,71;-0,68;-0,88;-0,77;-0,7;-0,77;-0,81;-0,88;-0,66;-0,73;-0,61;-0,7;-0,98;-1,01
Spain;ESP;0,17;0,13;0,46;0,44;-0,05;-0,09;0,19;-0,15;-0,28;-0,38;-0,47;-0,32;0,02;-0,03;0,01;0,24;0,25;0,41;0,28;0,29;0,31;0,44;0,58
Estonia;EST;0,77;0,66;0,9;0,93;0,89;0,7;0,61;0,74;0,63;0,57;0,57;0,66;0,61;0,64;0,75;0,78;0,62;0,67;0,65;0,59;0,63;0,72;0,76
Ethiopia;ETH;-1,05;-0,63;-0,95;-1,23;-1,41;-1,31;-1,69;-1,74;-1,81;-1,73;-1,64;-1,64;-1,51;-1,56;-1,41;-1,34;-1,5;-1,62;-1,68;-1,28;-1,31;-1,76;-2,07
Finland;FIN;1,41;1,47;1,72;1,75;1,69;1,62;1,59;1,5;1,49;1,45;1,46;1,42;1,39;1,4;1,39;1,28;1,04;1;1,08;0,91;0,85;1,01;0,98
Fiji;FJI;0,83;0,86;0,3;0,47;0,45;0,39;0,39;-0,03;0,06;-0,07;-0,27;-0,19;-0,07;-0,07;-0,05;0,55;0,58;0,92;0,62;0,86;0,78;0,68;0,67
France;FRA;0,89;0,7;0,79;0,92;0,18;0,35;0,4;0,6;0,56;0,54;0,51;0,68;0,6;0,55;0,45;0,3;0,11;-0,1;0,28;0,03;0,3;0,32;0,37
Micronesia, Fed. Sts.;FSM;#N/A;#N/A;#N/A;#N/A;0,63;1;1,13;1,13;1,15;1,17;1,29;1,21;1,1;1,15;1,1;0,98;1,04;1,06;1,18;1,17;1,11;1,08;1,11
Gabon;GAB;0,13;0,33;0,64;0,41;0,3;0,41;0,33;0,22;0,3;0,26;0,14;0,3;0,38;0,29;0,33;0,15;0,02;-0,1;-0,1;-0,25;-0,07;-0,07;-0,09
United Kingdom;GBR;0,98;0,93;1,03;0,67;0,27;0,14;0,12;0,67;0,57;0,49;0,12;0,41;0,35;0,4;0,49;0,42;0,52;0,36;0,39;0,08;0,54;0,49;0,54
Georgia;GEO;-1,57;-1,64;-0,81;-1,19;-1,3;-0,86;-0,76;-0,97;-0,65;-0,92;-0,97;-0,72;-0,66;-0,68;-0,44;-0,32;-0,47;-0,31;-0,37;-0,44;-0,49;-0,42;-0,42
Ghana;GHA;-0,23;-0,14;-0,36;-0,16;0,03;0,04;0,17;0,01;-0,07;-0,03;0,03;0,03;0,17;0,13;0,06;-0,11;-0,03;-0,13;0,09;-0,03;0,13;0,18;0,07
Guinea;GIN;-1,15;-0,59;-1,91;-1,42;-0,79;-1,03;-1,15;-1,91;-2,4;-2,1;-2,12;-1,69;-1,39;-1,29;-1,23;-0,96;-0,39;-0,39;-0,7;-0,88;-0,84;-0,67;-0,97
Gambia, The;GMB;0,56;0,68;0,53;0,83;0,32;0,16;0,2;-0,03;0,05;0,07;0,12;0,07;0;0;-0,05;-0,15;0,02;-0,43;-0,08;-0,07;0,22;0,26;0,18
Guinea-Bissau;GNB;-1,54;-1,86;-0,35;-0,73;-0,49;-0,38;-0,56;-0,49;-0,46;-0,71;-0,67;-0,69;-0,75;-0,97;-0,9;-0,71;-0,52;-0,44;-0,5;-0,69;-0,56;-0,73;-0,28
Equatorial Guinea;GNQ;-0,13;-0,08;-0,04;-0,51;0,11;-0,06;-0,39;0,17;0,26;0,21;0,37;0,24;0,15;0,23;0,12;-0,37;-0,21;-0,14;-0,17;-0,09;-0,16;-0,23;-0,29
Greece;GRC;0,55;0,77;0,81;0,87;0,48;0,49;0,51;0,63;0,52;0,27;-0,21;-0,13;-0,1;-0,22;-0,17;-0,14;-0,23;-0,12;-0,07;0,17;0,18;0,13;0,15
Grenada;GRD;0,91;0,95;1,02;0,92;0,89;0,88;0,42;0,39;0,38;0,39;0,39;0,52;0,36;0,49;0,43;0,77;0,79;1,02;1,01;0,99;0,95;1,04;1,04
Greenland;GRL;#N/A;#N/A;#N/A;#N/A;#N/A;#N/A;#N/A;#N/A;#N/A;#N/A;1,52;1,65;1,94;1,93;1,93;1,92;1,94;1,97;1,92;1,93;1,88;1,91;1,88
Guatemala;GTM;-1,01;-0,67;-0,77;-0,83;-0,77;-0,81;-0,84;-0,74;-0,75;-0,71;-0,93;-0,85;-0,74;-0,63;-0,67;-0,66;-0,66;-0,54;-0,65;-0,54;-0,57;-0,42;-0,39
French Guiana;GUF;0,04;0,05;0,03;0,3;0,31;0,17;0,21;0,05;0,06;0,07;0,3;0,19;0,19;0,22;0,22;0,53;0,57;0,55;0,5;0,52;0,26;0,32;0,31
Guam;GUM;#N/A;#N/A;#N/A;#N/A;#N/A;0,63;0,75;0,7;0,43;0,44;0,4;0,4;0,79;0,78;0,8;0,75;0,81;0,68;0,7;0,7;0,89;0,94;0,87
Guyana;GUY;-0,27;0,12;-0,49;-0,56;-0,44;-0,55;-0,45;-0,73;-0,56;-0,63;-0,63;-0,46;-0,43;-0,5;-0,46;-0,14;-0,14;-0,03;-0,04;-0,19;-0,25;-0,14;-0,14
Hong Kong SAR, China;HKG;0,58;0,7;0,94;0,91;0,95;1,14;1,34;1,19;1,1;1,13;0,97;0,94;0,95;1,01;0,92;1,15;1,05;0,75;0,83;0,78;-0,22;0,09;0,26
Honduras;HND;-0,47;0,03;-0,08;-0,25;-0,38;-0,39;-0,62;-0,67;-0,44;-0,53;-0,31;-0,5;-0,39;-0,35;-0,44;-0,53;-0,47;-0,43;-0,56;-0,53;-0,58;-0,47;-0,61
Croatia;HRV;-0,04;0,07;0,28;0,63;0,56;0,69;0,43;0,56;0,61;0,57;0,61;0,61;0,62;0,61;0,64;0,62;0,59;0,66;0,69;0,8;0,69;0,61;0,71
Haiti;HTI;-0,76;-0,94;-0,63;-1,26;-1,32;-1,98;-1,8;-1,39;-1,32;-1,38;-0,96;-0,94;-0,99;-0,79;-0,63;-0,64;-0,67;-0,74;-0,67;-0,64;-0,89;-1,03;-1,1
Hungary;HUN;1,01;1,22;0,92;1,26;1,13;0,83;1;0,99;0,75;0,75;0,54;0,69;0,74;0,68;0,8;0,67;0,75;0,65;0,81;0,75;0,77;0,84;0,86
Indonesia;IDN;-1,13;-1,73;-2;-1,58;-2,1;-1,91;-1,52;-1,42;-1,2;-1,06;-0,75;-0,85;-0,77;-0,59;-0,52;-0,42;-0,62;-0,37;-0,5;-0,55;-0,49;-0,45;-0,51
India;IND;-0,97;-1,2;-1;-1,21;-1,51;-1,28;-1,01;-1,07;-1,15;-1,11;-1,36;-1,28;-1,33;-1,29;-1,23;-1;-0,95;-0,95;-0,76;-0,99;-0,77;-0,81;-0,62
Ireland;IRL;1,34;1,51;1,58;1,5;1,35;1,17;1,3;1,19;1,22;1,19;1,06;1,02;0,95;0,94;0,9;1,05;0,91;0,85;1;1,02;0,97;0,98;0,86
Iran, Islamic Rep.;IRN;-0,32;-0,69;-0,73;-0,77;-0,78;-0,76;-0,78;-1,04;-0,93;-0,94;-1,56;-1,63;-1,42;-1,32;-1,25;-0,87;-0,93;-0,81;-0,93;-1,35;-1,71;-1,7;-1,62
Iraq;IRQ;-1,82;-1,53;-1,73;-1,6;-2,39;-3,18;-2,69;-2,83;-2,77;-2,47;-2,17;-2,24;-1,85;-1,93;-2,01;-2,48;-2,26;-2,31;-2,31;-2,53;-2,6;-2,46;-2,4
Iceland;ISL;1,33;1,38;1,58;1,62;1,52;1,46;1,44;1,45;1,49;1,22;1,19;1,02;1,24;1,25;1,29;1,25;1,31;1,36;1,35;1,41;1,64;1,38;1,37
Israel;ISR;-1,15;-1,12;-1,04;-1,46;-1,52;-1,32;-1,25;-1,26;-1,25;-1,32;-1,63;-1,34;-1,2;-1,08;-1,1;-1,04;-1,09;-0,79;-0,89;-0,91;-0,79;-0,85;-1,06
Italy;ITA;1,11;1,19;0,92;0,84;0,43;0,27;0,49;0,53;0,45;0,55;0,35;0,47;0,5;0,51;0,5;0,46;0,38;0,37;0,31;0,34;0,4;0,43;0,58
Jamaica;JAM;0,11;0,08;0,19;-0,21;-0,38;-0,35;-0,3;-0,32;-0,26;-0,31;-0,36;-0,43;-0,06;0,12;0,18;0,02;0,1;0,31;0,31;0,43;0,4;0,26;0,22
Jordan;JOR;-0,04;0,08;0;-0,46;-0,07;-0,23;-0,13;-0,76;-0,3;-0,37;-0,36;-0,31;-0,51;-0,52;-0,61;-0,54;-0,61;-0,49;-0,45;-0,39;-0,26;-0,27;-0,28
Japan;JPN;1,16;1,25;1,2;1,18;1,03;1,03;1,04;1,14;1,01;0,89;0,98;0,88;1;0,95;1,02;0,97;1,07;0,98;1,11;1,05;1,03;1,04;1,03
Kazakhstan;KAZ;-0,37;0,19;0,09;0,36;0,36;0,07;0,19;0,21;0,65;0,63;0,78;0,52;-0,34;-0,41;-0,4;0,04;-0,04;0,01;0,03;-0,05;-0,17;-0,26;-0,25
Kenya;KEN;-0,66;-0,91;-1,07;-1,19;-1,26;-1,09;-1,25;-1,13;-1,31;-1,39;-1,43;-1,17;-1,24;-1,32;-1,17;-1,28;-1,24;-1,35;-1,13;-1,18;-1,1;-1;-1,09
Kyrgyz Republic;KGZ;-0,17;-0,17;-0,18;-0,61;-1,1;-1,18;-1,17;-1,39;-0,99;-0,57;-0,62;-1,04;-1,1;-0,91;-0,91;-0,8;-0,88;-0,65;-0,38;-0,54;-0,24;-0,46;-0,43
Cambodia;KHM;-1,1;-1,26;-0,78;-0,72;-0,65;-0,41;-0,39;-0,35;-0,36;-0,3;-0,56;-0,5;-0,3;-0,1;-0,14;0,02;0,06;0,21;0,09;0,1;-0,09;-0,23;-0,13
Kiribati;KIR;#N/A;#N/A;#N/A;#N/A;1,17;1,16;1,38;1,35;1,34;1,34;1,4;1,42;1,3;1,29;1,28;0,8;0,84;0,87;0,88;1,02;1,13;1,09;1,19
St. Kitts and Nevis;KNA;#N/A;#N/A;#N/A;#N/A;1,17;1,36;1,28;1,21;0,8;0,92;1,09;1,04;0,96;0,98;0,96;0,57;0,58;0,63;0,65;0,7;0,72;0,94;0,96
Korea, Rep.;KOR;0,57;0,51;0,4;0,24;0,25;0,43;0,49;0,42;0,57;0,42;0,41;0,33;0,41;0,27;0,28;0,11;0,16;0,16;0,39;0,64;0,55;0,57;0,66
Kuwait;KWT;0,17;0,46;0,75;-0,15;0,29;0,35;0,25;0,41;0,62;0,5;0,35;0,45;0,31;0,2;0,17;0,15;-0,21;-0,05;-0,05;0,1;0,19;0,25;0,3
Lao PDR;LAO;0,37;-0,19;-0,58;-0,1;-1,23;-0,61;-0,49;-0,09;-0,18;0,02;-0,16;-0,28;-0,06;0,03;0,07;0,5;0,54;0,53;0,4;0,41;0,52;0,68;0,73
Lebanon;LBN;-0,67;-0,75;-0,44;-0,35;-0,46;-0,71;-1;-1,8;-2,12;-1,88;-1,56;-1,63;-1,56;-1,66;-1,69;-1,7;-1,7;-1,62;-1,63;-1,63;-1,67;-1,62;-1,49
Liberia;LBR;-2,44;-1,76;-1,95;-2,19;-2,16;-1,37;-1,36;-1,33;-1,24;-1,28;-1,05;-0,47;-0,43;-0,48;-0,48;-0,62;-0,82;-0,44;-0,33;-0,21;-0,33;-0,37;-0,24
Libya;LBY;-0,99;-0,81;-0,29;-0,1;0,12;0,36;0,45;0,36;0,75;0,81;0,83;0,03;-1,29;-1,59;-1,84;-2,35;-2,2;-2,28;-2,36;-2,44;-2,57;-2,46;-2,37
St. Lucia;LCA;1,04;0,35;1,22;0,36;1,17;1,22;1;0,86;0,62;0,64;0,69;0,79;0,85;0,89;0,85;0,82;0,85;1,02;0,99;1,01;0,91;0,87;0,85
Liechtenstein;LIE;1,17;1,18;1,17;1,28;1,47;1,52;1,38;1,35;1,34;1,34;1,55;1,54;1,49;1,39;1,4;1,46;1,46;1,48;1,48;1,48;1,62;1,69;1,64
Sri Lanka;LKA;-1,78;-1,48;-1,9;-0,78;-0,83;-1,01;-1,15;-1,42;-1,75;-1,8;-1,34;-0,94;-0,72;-0,72;-0,61;-0,33;0,09;0;-0,07;-0,15;-0,22;-0,08;-0,32
Lesotho;LSO;0,23;-0,12;0,1;-0,05;0,1;0,36;0;-0,12;-0,39;-0,2;0,33;0,46;0,38;0,27;0,34;-0,33;-0,31;-0,24;-0,19;-0,18;-0,42;-0,25;-0,22
Lithuania;LTU;0,52;0,43;0,43;0,89;1,05;0,77;0,78;0,87;0,82;0,75;0,63;0,72;0,67;0,79;0,96;0,74;0,76;0,83;0,78;0,74;0,78;0,93;0,82
Luxembourg;LUX;1,38;1,39;1,61;1,64;1,44;1,32;1,33;1,4;1,48;1,51;1,45;1,46;1,32;1,33;1,34;1,38;1,44;1,42;1,33;1,36;1,35;1,23;1,21
Latvia;LVA;0,56;0,03;0,42;0,94;1;0,62;0,81;0,84;0,56;0,2;0,35;0,53;0,32;0,45;0,59;0,49;0,44;0,48;0,46;0,41;0,44;0,47;0,69
Kosovo;KSV;#N/A;#N/A;#N/A;#N/A;#N/A;#N/A;#N/A;#N/A;#N/A;1,01;0,43;-1,04;-1,04;-1,04;-0,97;-0,34;-0,2;-0,28;-0,25;-0,67;-0,33;-0,26;-0,12
Macao SAR, China;MAC;0,26;0,27;0,49;0,55;1,12;1,35;1,29;0,97;0,46;0,48;0,61;0,57;0,61;0,63;0,76;1,21;1,2;1,42;1,43;1,25;1,24;1,15;1,05
Morocco;MAR;-0,21;0,31;-0,07;-0,26;-0,41;-0,31;-0,56;-0,46;-0,5;-0,57;-0,4;-0,38;-0,39;-0,47;-0,49;-0,45;-0,34;-0,31;-0,37;-0,35;-0,34;-0,35;-0,4
Monaco;MCO;#N/A;#N/A;#N/A;#N/A;1,17;1,11;1,03;1,01;1,04;1,03;0,98;0,96;1,04;1,05;1,06;1,02;0,99;1,01;1,63;1,61;1,58;0,89;0,91
Moldova;MDA;0,01;0,39;-0,43;-0,16;-0,13;-0,22;-0,4;-0,37;-0,01;-0,27;-0,58;-0,38;-0,05;0,05;0;-0,16;-0,33;-0,3;-0,32;-0,4;-0,39;-0,35;-0,21
Madagascar;MDG;0,22;0,2;0,16;-0,23;0,62;0,25;-0,02;0,19;0,09;-0,47;-0,73;-0,98;-0,71;-0,54;-0,66;-0,56;-0,43;-0,29;-0,3;-0,58;-0,32;-0,53;-0,64
Maldives;MDV;0,88;1,12;1,18;1,08;1,03;0,5;0,81;0,76;0,08;-0,16;-0,23;-0,17;-0,24;-0,37;0,13;0,68;0,42;0,42;0,23;0,09;0,03;0,39;0,5
Mexico;MEX;-0,93;-0,42;-0,2;-0,06;-0,12;-0,21;-0,45;-0,64;-0,73;-0,8;-0,69;-0,73;-0,67;-0,66;-0,71;-0,85;-0,8;-0,63;-0,8;-0,65;-0,84;-0,86;-0,64
Marshall Islands;MHL;#N/A;#N/A;#N/A;#N/A;1,17;1,13;1,07;1,04;1,09;1,01;1,39;1,15;1,06;1,03;1,05;0,99;0,92;0,21;0,87;0,73;0,76;0,63;0,61
North Macedonia;MKD;-0,48;-0,71;-0,61;-1,04;-0,99;-0,85;-1,16;-0,74;-0,43;-0,3;-0,3;-0,52;-0,62;-0,49;-0,42;0,26;-0,29;-0,35;-0,25;-0,21;0;0,11;0,12
Mali;MLI;0,37;0,43;0,24;0,41;0,26;0,45;0,17;0,41;0,23;0,21;-0,08;-0,18;-0,71;-2,03;-1,72;-1,71;-1,69;-1,62;-1,91;-2,09;-2,2;-2,13;-2,35
Malta;MLT;1,33;1,43;1,59;1,6;1,55;1,32;1,38;1,23;1,27;1,27;1,25;1,25;1,06;1,07;1,04;1,13;1,06;1,08;1,25;1,28;1,02;1,01;0,97
Myanmar;MMR;-1,26;-1,49;-1,67;-1,41;-1,15;-0,98;-0,9;-0,85;-1,07;-1,09;-1,29;-1,29;-1,11;-0,94;-1,14;-1,09;-1,17;-0,8;-1,08;-1,27;-1,33;-1,51;-2,07
Mongolia;MNG;0,75;0,35;0,82;1,17;0,96;0,78;0,88;0,65;0,67;0,54;0,61;0,6;0,61;0,47;0,49;0,79;0,72;0,8;0,79;0,83;0,63;0,72;0,65
Montenegro;MNE;#N/A;#N/A;#N/A;#N/A;#N/A;#N/A;#N/A;0,05;0,11;0,77;0,82;0,58;0,57;0,6;0,5;0,22;0,14;0,28;-0,06;0,04;0,07;-0,06;-0,15
Mozambique;MOZ;-0,05;0,11;-0,13;0,19;0,25;0;0,13;0,52;0,36;0,38;0,63;0,39;0,33;0,39;-0,23;-0,34;-0,51;-1,09;-0,93;-0,82;-0,75;-1,3;-1,23
Mauritania;MRT;0,37;0,35;0,35;0,38;0,06;-0,17;-0,22;0,24;-0,28;-0,64;-0,88;-1,08;-1,17;-1,13;-1,01;-0,59;-0,64;-0,75;-0,63;-0,63;-0,57;-0,72;-0,67
Martinique;MTQ;0,26;0,27;0,49;0,55;0,85;1,25;1,19;1,1;1,09;0,59;0,4;0,4;0,62;0,58;0,63;0,91;0,98;1;1;0,98;0,77;0,63;0,66
Mauritius;MUS;1,09;0,97;0,75;1,12;1,01;0,97;1,03;0,78;0,88;0,89;0,71;0,64;0,95;0,97;0,94;0,67;1;1,01;0,97;0,87;0,81;0,88;0,86
Malawi;MWI;-0,46;-0,07;-0,33;0,01;0,04;0,12;0,11;0,12;0,08;-0,06;0,05;0,04;-0,07;0;-0,21;0,08;0,03;-0,11;-0,25;-0,43;-0,28;-0,11;-0,11
Malaysia;MYS;0,57;-0,04;0,09;0,54;0,49;0,35;0,57;0,29;0,19;0,11;-0,04;0,14;0,08;-0,01;0,05;0,27;0,26;0,14;0,12;0,25;0,14;0,11;0,14
Namibia;NAM;0,85;0,51;-0,25;0,15;0,48;0,66;0,63;0,78;1,02;1,2;0,93;0,85;0,91;0,98;0,96;0,61;0,73;0,71;0,63;0,69;0,53;0,53;0,55
Niger;NER;0,03;-0,32;0,12;-0,13;0,04;-0,51;-0,49;-0,23;-0,46;-0,67;-1,15;-1,16;-0,88;-1,15;-1,32;-1,18;-1,07;-1,1;-1,27;-1,36;-1,41;-1,66;-1,62
Nigeria;NGA;-1,06;-0,59;-1,46;-1,63;-1,64;-1,75;-1,67;-2,03;-2,01;-1,86;-1,99;-2,21;-1,96;-2,04;-2,09;-2,13;-1,93;-1,88;-2;-2,1;-1,92;-1,87;-1,78
Nicaragua;NIC;-0,52;-0,49;-0,07;-0,09;-0,37;-0,34;-0,34;-0,27;-0,12;-0,22;-0,31;-0,5;-0,27;-0,35;-0,25;-0,04;-0,09;-0,09;-0,05;-0,95;-1;-0,6;-0,47
Niue;NIU;#N/A;#N/A;#N/A;#N/A;#N/A;#N/A;#N/A;#N/A;#N/A;#N/A;1,14;1,32;#N/A;#N/A;#N/A;#N/A;#N/A;#N/A;#N/A;0,99;1,33;1,36;1,19
Netherlands;NLD;1,53;1,59;1,76;1,3;1,16;1,02;0,99;0,9;0,78;0,86;0,95;0,94;1,11;1,19;1,14;1,05;0,93;0,91;0,92;0,85;0,85;0,86;0,92
Norway;NOR;1,46;1,44;1,53;1,61;1,2;1,2;1,3;1,25;1,15;1,29;1,28;1,33;1,34;1,33;1,35;1,12;1,16;1,2;1,17;1,14;1,17;1,25;1,1
Nepal;NPL;-0,07;-0,73;-1,16;-1,72;-1,89;-2,15;-2,1;-1,89;-1,89;-1,83;-1,62;-1,58;-1,42;-1,38;-1,13;-0,72;-1;-0,85;-0,61;-0,56;-0,45;-0,2;-0,24
Nauru;NRU;#N/A;#N/A;#N/A;#N/A;1,17;1,13;1,07;1,04;1,09;1,01;1,39;1,45;1,06;1,03;1,05;0,6;0,54;0,58;0,52;0,79;0,77;0,96;0,81
New Zealand;NZL;1,34;1,32;1,36;1,32;1,19;1,5;1,25;1,25;1,24;1,16;1,07;1,24;1,38;1,36;1,45;1,47;1,53;1,52;1,6;1,53;1,41;1,49;1,44
Oman;OMN;0,87;0,85;1,12;0,93;1,06;1,12;0,95;0,84;0,94;0,92;0,83;0,59;0,43;0,46;0,46;0,73;0,78;0,76;0,75;0,65;0,59;0,43;0,51
Pakistan;PAK;-1,13;-1,12;-1,1;-1,64;-1,55;-1,58;-1,75;-2,02;-2,43;-2,57;-2,64;-2,68;-2,81;-2,68;-2,6;-2,4;-2,48;-2,48;-2,41;-2,27;-2,27;-1,79;-1,67
Panama;PAN;0,12;0,37;0,25;0,35;0,07;0,08;-0,16;-0,07;-0,06;-0,1;0,06;-0,12;-0,03;-0,18;-0,14;0,21;0,39;0,41;0,39;0,26;0,3;0,24;0,29
Palau;PLW;#N/A;#N/A;#N/A;#N/A;1,17;1,13;1,07;1,04;1,09;1,01;1,39;1,45;1,06;1,03;1,05;0,99;0,92;0,95;0,87;0,85;0,88;0,93;0,95
Peru;PER;-1,06;-0,52;-0,99;-0,97;-1,16;-1,03;-0,98;-0,84;-0,77;-0,89;-1,18;-1;-0,76;-0,91;-0,81;-0,55;-0,4;-0,2;-0,26;-0,27;-0,15;-0,36;-0,41
Philippines;PHL;-0,48;-0,26;-1,39;-0,86;-1,56;-1,71;-1,18;-1,64;-1,6;-1,78;-1,73;-1,65;-1,39;-1,19;-1,08;-0,71;-0,86;-1,38;-1,19;-1,09;-0,92;-0,75;-0,93
Papua New Guinea;PNG;-0,78;-0,11;-0,21;-0,55;-0,56;-0,55;-0,92;-0,87;-0,75;-0,61;-0,79;-0,81;-0,75;-0,59;-0,52;-0,34;-0,42;-0,5;-0,7;-0,68;-0,7;-0,7;-0,58
Poland;POL;0,83;0,84;0,31;0,74;0,58;0,15;0,36;0,35;0,68;0,91;0,94;1,02;1,07;1,05;0,97;0,84;0,87;0,51;0,52;0,49;0,56;0,52;0,51
Puerto Rico;PRI;0,26;0,27;0,26;0,3;0,31;0,56;0,45;0,38;0,41;0,26;0,15;0,36;0,6;0,58;0,25;0,82;0,86;0,69;0,48;0,28;0,14;0,44;0,51
Korea, Dem. Rep.;PRK;-0,51;-0,42;-0,02;0,19;0,22;0,23;0,02;-0,02;0,54;0,52;-0,03;-0,3;-0,25;-0,01;-0,44;-1,13;-1,15;-0,68;-0,5;-0,35;-0,32;-0,41;-0,45
Portugal;PRT;1,29;1,37;1,39;1,44;1,29;0,97;1,02;0,95;0,82;0,99;0,79;0,72;0,74;0,78;0,75;0,81;0,92;0,97;1,12;1,13;1,07;1,02;0,95
Paraguay;PRY;-0,46;-0,75;-0,97;-1,21;-0,75;-0,57;-0,65;-0,78;-0,74;-0,73;-0,88;-0,83;-0,69;-0,87;-0,74;-0,09;0,04;0,14;0;-0,08;-0,01;0,02;0
Qatar;QAT;0,36;1,06;1,16;0,83;1,19;1,12;1,03;0,93;0,95;1,11;1,22;1,15;1,17;1,22;1,21;0,98;1;0,9;0,66;0,66;0,7;0,69;0,96
Réunion;REU;#N/A;#N/A;#N/A;#N/A;#N/A;0,43;0,48;0,7;0,7;0,44;0,4;0,4;0,42;0,43;0,42;0,26;0,29;0,32;0,32;0,26;0,24;0,23;0,26
Romania;ROM;0,6;0,5;-0,38;0,46;0,32;0,06;0,09;0,15;0,2;0,18;0,36;0,27;0,19;0,08;0,18;0,05;0,19;0,28;0,06;0,05;0,56;0,53;0,53
Russian Federation;RUS;-1,18;-1,09;-1,4;-0,72;-1,19;-1,51;-1,27;-0,91;-0,86;-0,75;-0,97;-0,93;-1;-0,82;-0,74;-0,94;-1,03;-0,95;-0,64;-0,54;-0,56;-0,68;-0,65
Rwanda;RWA;-1,85;-2,04;-1,69;-1,65;-1,11;-1,19;-1;-0,68;-0,36;-0,33;-0,51;-0,27;-0,18;-0,23;-0,11;-0,31;0,01;-0,05;0,09;0,11;0,06;0,08;0,17
Samoa;WSM;1,32;1,34;1,28;1,1;1,27;1,16;1,13;1,1;1;1,1;0,96;0,77;0,99;1;0,99;1,12;1,18;1,2;1,18;1,17;1,16;1,16;1,11
Saudi Arabia;SAU;-0,19;0,11;0,23;0;0,14;-0,65;-0,24;-0,52;-0,47;-0,34;-0,49;-0,23;-0,46;-0,48;-0,43;-0,29;-0,63;-0,46;-0,64;-0,62;-0,61;-0,62;-0,58
Sudan;SDN;-2,48;-2,26;-2,24;-1,85;-1,98;-1,55;-1,97;-2,14;-2,36;-2,49;-2,65;-2,67;-2,52;-2,26;-2,19;-2,36;-2,16;-2,34;-1,98;-1,82;-1,7;-1,66;-1,94
Senegal;SEN;-0,6;-0,99;-0,59;-0,27;-0,25;0,03;-0,2;-0,26;-0,24;-0,15;-0,21;-0,42;-0,28;-0,11;-0,06;-0,2;-0,12;-0,22;-0,05;-0,1;0,05;-0,14;-0,17
Singapore;SGP;1,12;0,93;1,14;1,25;0,88;1,09;1,15;1,25;1,17;1,34;1,18;1,17;1,19;1,37;1,38;1,19;1,31;1,5;1,62;1,49;1,5;1,46;1,49
Solomon Islands;SLB;1,04;1,11;-0,73;-0,44;0,36;0,02;-0,02;0,07;0,23;0,21;0,22;0,34;0,31;0,19;0,3;0,47;0,66;0,51;0,2;0,36;0,51;0,64;0,49
Sierra Leone;SLE;-1,7;-2,17;-1,87;-0,69;-1,08;-0,51;-0,48;-0,3;-0,06;-0,24;-0,29;-0,24;-0,17;-0,28;-0,17;-0,1;-0,1;-0,16;-0,04;-0,09;-0,05;-0,3;-0,16
El Salvador;SLV;-0,22;0,09;0,33;0,29;-0,18;-0,07;-0,03;-0,17;-0,01;0,04;-0,01;0,06;0,11;0,23;-0,03;-0,02;-0,02;-0,1;-0,26;-0,39;-0,11;-0,12;-0,21
San Marino;SMR;#N/A;#N/A;#N/A;#N/A;1,17;1,13;1,07;1,04;1,09;1,01;1,39;1,45;1,06;1,03;1,05;0,99;0,92;0,95;0,87;0,85;0,9;0,89;0,91
Somalia;SOM;-2,51;-2,14;-1,95;-2,37;-2,57;-2,88;-2,71;-2,75;-3,23;-3,28;-3,31;-3,13;-3,08;-2,86;-2,76;-2,52;-2,38;-2,36;-2,26;-2,26;-2,39;-2,58;-2,68
São Tomé and Principe;STP;1,05;1,08;1,15;0,56;0,26;0,57;0,58;0,35;0,39;0,18;0,15;0,12;0,01;0,01;0,11;0,18;0,14;0,22;0,19;0,52;0,51;0,5;0,6
Suriname;SUR;0,44;0,6;0,21;0,49;0,48;0,3;0,23;-0,01;-0,02;0,1;0,15;0,08;0,12;0,08;0,13;0,25;0,26;0,16;0,13;0,07;0,1;0,42;0,37
Slovak Republic;SVK;0,88;1,18;0,66;0,94;0,95;0,59;0,9;0,78;1,04;1,08;0,92;1,05;0,97;1,09;1,12;1,04;0,87;0,72;0,91;0,74;0,67;0,63;0,56
Slovenia;SVN;1,31;1,24;0,89;1,3;1,19;1,08;1,09;1,09;1,1;1,15;0,94;0,87;0,97;0,94;0,88;0,97;0,95;0,99;0,87;0,9;0,81;0,71;0,76
Sweden;SWE;1,46;1,4;1,39;1,48;1,34;1,36;1,3;1,29;1,27;1,13;1,08;1,09;1,23;1,17;1,13;1,07;0,95;1,02;0,98;0,94;1,04;1,03;1,03
Eswatini;SWZ;-0,21;-0,01;0,04;0,13;0,07;0;-0,39;-0,27;0,05;-0,08;-0,01;-0,08;-0,48;-0,41;-0,43;-0,5;-0,48;-0,49;-0,27;-0,37;-0,27;-0,06;-0,03
Seychelles;SYC;1,05;1,08;1,28;0,9;0,65;0,66;0,93;0,91;0,79;0,75;0,6;0,86;0,94;0,74;0,83;0,36;0,69;0,73;0,79;0,69;0,68;0,73;0,76
Syrian Arab Republic;SYR;-0,35;-0,04;-0,18;0,28;0,06;-0,29;-0,46;-0,28;-0,34;-0,34;-0,51;-0,81;-2,01;-2,68;-2,68;-2,75;-2,97;-2,92;-2,62;-2,74;-2,73;-2,71;-2,66
Chad;TCD;-1;-1,31;-1,13;-1,56;-1,37;-1,54;-1,44;-1,83;-1,87;-1,97;-1,73;-1,52;-1,32;-1,04;-1,09;-1,57;-0,97;-1,3;-1,29;-1,48;-1,34;-1,25;-1,34
Togo;TGO;-0,38;-0,62;-0,29;0,06;-0,19;-0,31;-1,44;-0,53;-0,34;-0,17;-0,17;-0,18;-0,16;-0,39;-0,35;-0,17;-0,23;-0,17;-0,88;-0,89;-0,92;-0,92;-0,8
Thailand;THA;0,47;0,64;0,45;0,51;-0,15;-0,72;-0,87;-1,13;-1,11;-1,27;-1,42;-1,44;-1,13;-1,22;-1,31;-0,91;-0,99;-0,99;-0,75;-0,8;-0,48;-0,58;-0,55
Tajikistan;TJK;-2,12;-1,84;-1,65;-0,98;-1,1;-1,31;-1,39;-1,39;-0,75;-0,83;-1,03;-1,03;-1,02;-1,24;-1,18;-0,69;-0,88;-0,78;-0,67;-0,75;-0,52;-0,51;-0,61
Turkmenistan;TKM;0,45;0,2;0,01;0,07;0,05;-0,12;0,07;-0,24;0,28;0,54;0,49;0,33;0,23;0,43;0,25;0,07;-0,09;-0,19;-0,13;-0,01;-0,19;-0,2;-0,32
Timor-Leste;TMP;#N/A;#N/A;0,44;-0,49;-0,29;-0,16;-0,71;-1,16;-1,1;-0,8;-0,57;-0,47;-0,46;-0,28;-0,38;-0,18;-0,27;-0,01;0,07;0,23;0,23;0,18;0,17
Tonga;TON;#N/A;#N/A;#N/A;#N/A;0,63;0,82;0,68;0,47;0,28;0,28;0,22;0,69;0,94;0,89;0,94;0,85;0,89;0,92;0,79;0,87;1,03;1,03;1,07
Trinidad and Tobago;TTO;0,27;0,41;0,15;-0,09;-0,25;-0,07;-0,12;-0,24;-0,19;-0,12;-0,14;-0,05;0,14;0,1;0,09;0,25;0,29;0,29;0,28;0,24;0,1;0,12;0,15
Tunisia;TUN;0,26;0,26;0,32;0,15;0,32;0,15;0,02;0,21;0,16;0,1;0,06;-0,06;-0,35;-0,72;-0,9;-0,85;-0,96;-1,14;-1,02;-0,87;-0,87;-0,58;-0,7
Türkiye;TUR;-1,26;-1,23;-0,8;-0,8;-0,77;-0,83;-0,6;-0,59;-0,82;-0,82;-1,03;-0,92;-0,96;-1,22;-1,25;-1,09;-1,49;-2,01;-1,79;-1,32;-1,37;-1,14;-1,1
Tuvalu;TUV;#N/A;#N/A;#N/A;#N/A;1,17;1,27;1,38;1,35;1,34;1,34;1,4;1,42;1,3;1,29;1,28;1,3;1,39;1,41;1,24;1,42;1,2;1,19;1,28
Taiwan, China;TWN;1,06;0,96;0,54;0,7;0,64;0,61;0,67;0,68;0,55;0,84;0,57;0,86;0,95;0,89;0,87;0,77;0,92;0,93;0,86;0,85;0,79;0,77;0,78
Tanzania;TZA;-0,63;-0,41;-0,7;-0,25;-0,86;-0,67;-0,58;-0,36;-0,39;-0,23;0,09;0,01;-0,02;0,05;-0,16;-0,6;-0,42;-0,44;-0,56;-0,57;-0,37;-0,47;-0,44
Uganda;UGA;-1,53;-1,1;-1,25;-1,42;-1,56;-1,3;-1,42;-1,14;-0,92;-0,88;-0,99;-1;-0,98;-0,87;-0,84;-0,94;-0,8;-0,72;-0,57;-0,7;-0,69;-0,81;-0,86
Ukraine;UKR;-0,15;-0,12;-0,41;-0,29;-0,36;-0,47;-0,29;-0,04;0,17;0,04;-0,3;0,01;-0,07;-0,09;-0,78;-2,02;-1,96;-1,86;-1,87;-1,87;-1,42;-1,14;-1,1
Uruguay;URY;0,62;0,77;0,93;0,84;0,71;0,59;0,78;0,9;0,84;0,85;0,79;0,82;0,96;0,71;0,8;0,99;1;1,06;1,05;1,03;1,04;1,05;1,05
United States;USA;0,94;0,88;1,08;0,29;0,08;-0,23;-0,06;0,49;0,37;0,58;0,45;0,44;0,59;0,63;0,64;0,58;0,68;0,4;0,29;0,42;0,13;0,03;0
Uzbekistan;UZB;-0,54;-0,68;-1,3;-1,06;-1,3;-1,46;-1,96;-1,78;-1,36;-1,21;-0,95;-0,72;-0,6;-0,52;-0,54;-0,27;-0,37;-0,27;-0,24;-0,3;-0,28;-0,43;-0,24
St. Vincent and the Grenadines;VCT;1,04;1,11;1,22;0,36;0,76;1,03;1,15;1,06;0,79;0,8;0,73;0,79;0,85;0,93;0,85;0,82;1;1,02;0,89;0,84;0,95;1,04;1,04
Venezuela, RB;VEN;-0,58;-0,54;-0,76;-1,32;-1,29;-1,39;-1,24;-1,25;-1,23;-1,31;-1,28;-1,26;-1,09;-1,03;-1,08;-0,85;-0,98;-1,02;-1,27;-1,35;-1,54;-1,55;-1,53
Virgin Islands (U.S.);VIR;#N/A;#N/A;#N/A;#N/A;#N/A;0,84;0,44;0,51;0,48;0,5;-0,14;0,34;0,86;0,68;0,85;1,16;1,25;1;1;0,98;1,07;1,01;0,43
Vietnam;VNM;0,53;0,32;0,41;0,35;0,13;0,15;0,48;0,41;0,25;0,17;0,27;0,15;0,19;0,27;0,25;-0,02;0,07;0,23;0,23;0,06;0,03;-0,08;-0,11
Vanuatu;VUT;1,04;1,11;1,22;1,16;0,76;0,62;1,38;1,35;1,23;1,19;1,23;1,28;1,11;1,2;1,16;0,64;0,48;0,51;0,7;0,94;1,02;0,91;0,79
West Bank and Gaza;WBG;-1,41;-1,35;-1,57;-1,74;-1,27;-1,17;-1,54;-1,77;-1,87;-1,99;-2,04;-1,97;-1,94;-1,96;-1,78;-1,99;-2,16;-1,98;-1,66;-1,82;-1,9;-2,01;-1,84
Jersey, Channel Islands;JEY;#N/A;#N/A;#N/A;#N/A;#N/A;#N/A;#N/A;#N/A;#N/A;#N/A;#N/A;#N/A;1,48;1,48;1,49;1,46;1,53;1,32;1,27;1,26;1,28;1,33;1,29
Yemen, Rep.;YEM;-1,31;-1,19;-1,15;-1,31;-1,48;-1,55;-1,44;-1,35;-1,59;-2,01;-2,33;-2,42;-2,43;-2,43;-2,37;-2,67;-2,68;-2,79;-2,94;-3,01;-2,77;-2,65;-2,59
Serbia;SRB;-1,03;-2,14;-1,64;-0,51;-0,58;-0,51;-0,76;-0,54;-0,59;-0,54;-0,48;-0,42;-0,28;-0,22;-0,08;0,18;0,24;0,14;0,09;0,01;-0,07;-0,16;-0,13
South Africa;ZAF;-0,38;-0,55;-0,23;-0,25;-0,31;-0,13;-0,16;0,05;0,22;0,05;-0,11;-0,03;0,02;-0,03;-0,05;-0,15;-0,21;-0,14;-0,28;-0,23;-0,27;-0,24;-0,71
Congo, Dem. Rep.;ZAR;-2,68;-2,85;-2,47;-1,98;-2,03;-2,39;-2,13;-2,25;-2,18;-2;-2;-2,2;-2,21;-2,09;-2,19;-2,17;-2,15;-2,23;-2,3;-2,11;-1,59;-1,74;-1,61
Zambia;ZMB;-0,16;0,22;0,04;-0,27;0,22;0,19;0,11;0,36;0,36;0,47;0,57;0,52;0,51;0,66;0,44;0,16;0,15;0,14;0,15;0,09;-0,11;-0,13;0,06
Zimbabwe;ZWE;-0,47;-0,74;-1,32;-1,52;-1,09;-1,2;-1,27;-0,93;-1,11;-1,21;-1,17;-1,1;-0,95;-0,78;-0,67;-0,71;-0,62;-0,62;-0,71;-0,72;-0,96;-1,07;-1,03
