Year,NOC,ID,Gold,Silver,Bronze,Female_Gold,Female_Silver,Female_Bronze,Male_Gold,Male_Silver,Male_Bronze
1896,AUS,AUS1896,2,0,1,0,0,0,2,0,1
1896,AUT,AUT1896,2,1,2,0,0,0,2,1,2
1896,DEN,DEN1896,1,2,3,0,0,0,1,2,3
1896,FRA,FRA1896,5,4,2,0,0,0,5,4,2
1896,GBR,GBR1896,3,3,2,0,0,0,3,3,2
1896,GER,GER1896,6,5,2,0,0,0,6,5,2
1896,GRE,GRE1896,10,17,17,0,0,0,10,17,17
1896,HUN,HUN1896,2,1,1,0,0,0,2,1,1
1896,SUI,SUI1896,1,2,0,0,0,0,1,2,0
1896,USA,USA1896,11,6,2,0,0,0,11,6,2
1900,AUS,AUS1900,2,0,3,0,0,0,2,0,3
1900,AUT,AUT1900,0,3,3,0,0,0,0,3,3
1900,BEL,BEL1900,6,7,4,0,0,0,6,7,4
1900,BOH,BOH1900,0,1,0,0,0,0,0,1,0
1900,CAN,CAN1900,1,0,1,0,0,0,1,0,1
1900,CUB,CUB1900,1,1,0,0,0,0,1,1,0
1900,DEN,DEN1900,2,2,2,0,0,0,2,2,2
1900,ESP,ESP1900,1,0,0,0,0,0,1,0,0
1900,FRA,FRA1900,28,33,34,0,0,1,28,33,33
1900,GBR,GBR1900,16,10,9,2,0,0,14,10,9
1900,GER,GER1900,2,3,1,0,0,0,2,3,1
1900,HUN,HUN1900,1,2,2,0,0,0,1,2,2
1900,IND,IND1900,0,2,0,0,0,0,0,2,0
1900,ITA,ITA1900,2,2,0,0,0,0,2,2,0
1900,LUX,LUX1900,1,0,0,0,0,0,1,0,0
1900,NED,NED1900,1,1,3,0,0,0,1,1,3
1900,NOR,NOR1900,0,2,3,0,0,0,0,2,3
1900,SUI,SUI1900,6,1,1,0,0,0,6,1,1
1900,SWE,SWE1900,0,0,1,0,0,0,0,0,1
1900,USA,USA1900,19,16,13,1,2,1,18,14,12
1904,AUS,AUS1904,0,3,1,0,0,0,0,3,1
1904,AUT,AUT1904,1,1,1,0,0,0,1,1,1
1904,CAN,CAN1904,4,1,1,0,0,0,4,1,1
1904,CUB,CUB1904,4,0,0,0,0,0,4,0,0
1904,FRA,FRA1904,0,2,0,0,0,0,0,2,0
1904,GBR,GBR1904,1,1,0,0,0,0,1,1,0
1904,GER,GER1904,4,5,6,0,0,0,4,5,6
1904,GRE,GRE1904,1,0,1,0,0,0,1,0,1
1904,HUN,HUN1904,2,1,1,0,0,0,2,1,1
1904,NOR,NOR1904,2,0,0,0,0,0,2,0,0
1904,SUI,SUI1904,1,0,2,0,0,0,1,0,2
1904,USA,USA1904,75,78,75,3,2,2,72,76,73
1906,AUS,AUS1906,0,0,3,0,0,0,0,0,3
1906,AUT,AUT1906,3,3,3,0,0,0,3,3,3
1906,BEL,BEL1906,2,2,3,0,0,0,2,2,3
1906,BOH,BOH1906,0,0,2,0,0,0,0,0,2
1906,CAN,CAN1906,1,1,0,0,0,0,1,1,0
1906,DEN,DEN1906,3,2,1,0,0,0,3,2,1
1906,FIN,FIN1906,2,1,1,0,0,0,2,1,1
1906,FRA,FRA1906,15,9,16,1,0,0,14,9,16
1906,GBR,GBR1906,8,12,5,0,0,0,8,12,5
1906,GER,GER1906,4,6,3,0,0,0,4,6,3
1906,GRE,GRE1906,8,12,14,1,1,2,7,11,12
1906,HUN,HUN1906,2,5,3,0,0,0,2,5,3
1906,ITA,ITA1906,7,6,3,0,0,0,7,6,3
1906,NED,NED1906,0,1,2,0,0,0,0,1,2
1906,NOR,NOR1906,1,1,0,0,0,0,1,1,0
1906,SUI,SUI1906,4,3,1,0,0,0,4,3,1
1906,SWE,SWE1906,2,5,7,0,0,0,2,5,7
1906,USA,USA1906,12,4,5,0,0,0,12,4,5
1908,ANZ,ANZ1908,1,2,2,0,0,0,1,2,2
1908,AUT,AUT1908,0,0,1,0,0,0,0,0,1
1908,BEL,BEL1908,1,5,2,0,0,0,1,5,2
1908,BOH,BOH1908,0,0,2,0,0,0,0,0,2
1908,CAN,CAN1908,3,3,9,0,0,0,3,3,9
1908,DEN,DEN1908,0,2,3,0,0,0,0,2,3
1908,FIN,FIN1908,1,1,3,0,0,0,1,1,3
1908,FRA,FRA1908,5,5,9,0,0,0,5,5,9
1908,GBR,GBR1908,56,49,36,4,3,3,52,46,33
1908,GER,GER1908,3,4,4,0,0,1,3,4,3
1908,GRE,GRE1908,0,2,0,0,0,0,0,2,0
1908,HUN,HUN1908,3,3,2,0,0,0,3,3,2
1908,ITA,ITA1908,2,2,0,0,0,0,2,2,0
1908,NED,NED1908,0,0,1,0,0,0,0,0,1
1908,NOR,NOR1908,2,3,3,0,0,0,2,3,3
1908,RSA,RSA1908,1,1,0,0,0,0,1,1,0
1908,RUS,RUS1908,1,2,0,0,0,0,1,2,0
1908,SWE,SWE1908,8,7,9,0,1,0,8,6,9
1908,USA,USA1908,22,12,11,0,0,0,22,12,11
1912,ANZ,ANZ1912,2,1,4,1,0,1,1,1,3
1912,AUT,AUT1912,0,3,1,0,1,0,0,2,1
1912,BEL,BEL1912,2,1,3,0,0,0,2,1,3
1912,CAN,CAN1912,3,2,3,0,0,0,3,2,3
1912,DEN,DEN1912,1,5,6,0,0,1,1,5,5
1912,FIN,FIN1912,9,8,9,0,0,0,9,8,9
1912,FRA,FRA1912,7,6,2,1,1,0,6,5,2
1912,GBR,GBR1912,10,17,14,2,3,1,8,14,13
1912,GER,GER1912,6,11,9,1,0,2,5,11,7
1912,GRE,GRE1912,1,0,1,0,0,0,1,0,1
1912,HUN,HUN1912,3,2,3,0,0,0,3,2,3
1912,ITA,ITA1912,5,1,2,0,0,0,5,1,2
1912,NED,NED1912,0,0,3,0,0,0,0,0,3
1912,NOR,NOR1912,4,2,3,0,1,0,4,1,3
1912,RSA,RSA1912,4,2,0,0,0,0,4,2,0
1912,RUS,RUS1912,0,2,2,0,0,0,0,2,2
1912,SUI,SUI1912,1,0,0,0,0,0,1,0,0
1912,SWE,SWE1912,23,23,17,1,1,2,22,22,15
1912,USA,USA1912,25,18,18,0,0,0,25,18,18
1920,AUS,AUS1920,0,2,1,0,0,0,0,2,1
1920,BEL,BEL1920,15,11,14,0,0,0,15,11,14
1920,BRA,BRA1920,1,1,1,0,0,0,1,1,1
1920,CAN,CAN1920,3,3,3,0,0,0,3,3,3
1920,DEN,DEN1920,3,9,1,1,0,0,2,9,1
1920,ESP,ESP1920,0,2,0,0,0,0,0,2,0
1920,EST,EST1920,1,2,0,0,0,0,1,2,0
1920,FIN,FIN1920,15,10,9,0,0,0,15,10,9
1920,FRA,FRA1920,9,20,13,1,1,1,8,19,12
1920,GBR,GBR1920,14,13,16,1,2,5,13,11,11
1920,GRE,GRE1920,0,1,0,0,0,0,0,1,0
1920,ITA,ITA1920,14,6,5,0,0,0,14,6,5
1920,JPN,JPN1920,0,2,0,0,0,0,0,2,0
1920,LUX,LUX1920,0,1,0,0,0,0,0,1,0
1920,NED,NED1920,4,2,5,0,0,0,4,2,5
1920,NOR,NOR1920,10,9,10,0,0,1,10,9,9
1920,NZL,NZL1920,0,0,1,0,0,0,0,0,1
1920,RSA,RSA1920,3,4,3,0,0,0,3,4,3
1920,SUI,SUI1920,2,2,7,0,0,0,2,2,7
1920,SWE,SWE1920,19,21,24,1,2,1,18,19,23
1920,TCH,TCH1920,0,1,1,0,1,0,0,0,1
1920,USA,USA1920,41,28,26,4,4,3,37,24,23
1924,ARG,ARG1924,1,3,2,0,0,0,1,3,2
1924,AUS,AUS1924,3,1,2,0,0,0,3,1,2
1924,AUT,AUT1924,0,3,1,0,0,0,0,3,1
1924,BEL,BEL1924,3,7,3,0,0,0,3,7,3
1924,CAN,CAN1924,0,3,1,0,0,0,0,3,1
1924,DEN,DEN1924,2,7,2,1,1,0,1,6,2
1924,EST,EST1924,1,1,4,0,0,0,1,1,4
1924,FIN,FIN1924,14,13,10,0,0,0,14,13,10
1924,FRA,FRA1924,14,13,11,0,0,1,14,13,10
1924,GBR,GBR1924,9,12,13,1,3,4,8,9,9
1924,GRE,GRE1924,1,0,0,0,0,0,1,0,0
1924,HAI,HAI1924,0,0,1,0,0,0,0,0,1
1924,HUN,HUN1924,2,4,4,0,0,0,2,4,4
1924,IRL,IRL1924,0,1,1,0,0,0,0,1,1
1924,ITA,ITA1924,8,3,5,0,0,0,8,3,5
1924,JPN,JPN1924,0,0,1,0,0,0,0,0,1
1924,LUX,LUX1924,1,1,0,0,0,0,1,1,0
1924,MON,MON1924,0,0,1,0,0,0,0,0,1
1924,NED,NED1924,4,2,5,0,1,0,4,1,5
1924,NOR,NOR1924,5,2,3,0,0,0,5,2,3
1924,NZL,NZL1924,0,0,1,0,0,0,0,0,1
1924,POL,POL1924,0,1,1,0,0,0,0,1,1
1924,POR,POR1924,0,0,1,0,0,0,0,0,1
1924,ROU,ROU1924,0,0,1,0,0,0,0,0,1
1924,RSA,RSA1924,1,1,1,0,0,0,1,1,1
1924,SUI,SUI1924,7,8,10,0,0,0,7,8,10
1924,SWE,SWE1924,4,15,10,0,2,0,4,13,10
1924,TCH,TCH1924,1,4,4,0,0,0,1,4,4
1924,URU,URU1924,1,0,0,0,0,0,1,0,0
1924,USA,USA1924,45,25,29,9,4,6,36,21,23
1924,YUG,YUG1924,2,0,0,0,0,0,2,0,0
1928,ARG,ARG1928,3,3,1,0,0,0,3,3,1
1928,AUS,AUS1928,1,2,1,0,0,0,1,2,1
1928,AUT,AUT1928,3,0,1,0,0,0,3,0,1
1928,BEL,BEL1928,0,1,2,0,0,0,0,1,2
1928,CAN,CAN1928,4,4,7,2,1,1,2,3,6
1928,CHI,CHI1928,0,1,0,0,0,0,0,1,0
1928,DEN,DEN1928,3,2,4,0,0,0,3,2,4
1928,EGY,EGY1928,2,1,1,0,0,0,2,1,1
1928,ESP,ESP1928,1,0,0,0,0,0,1,0,0
1928,EST,EST1928,2,1,2,0,0,0,2,1,2
1928,FIN,FIN1928,8,8,9,0,0,0,8,8,9
1928,FRA,FRA1928,7,12,6,0,0,0,7,12,6
1928,GBR,GBR1928,4,10,8,0,3,4,4,7,4
1928,GER,GER1928,10,13,15,3,4,0,7,9,15
1928,HAI,HAI1928,0,1,0,0,0,0,0,1,0
1928,HUN,HUN1928,5,5,0,0,0,0,5,5,0
1928,IND,IND1928,1,0,0,0,0,0,1,0,0
1928,IRL,IRL1928,1,0,0,0,0,0,1,0,0
1928,ITA,ITA1928,7,5,8,0,0,1,7,5,7
1928,JPN,JPN1928,2,1,2,0,0,1,2,1,1
1928,LUX,LUX1928,1,0,0,0,0,0,1,0,0
1928,NED,NED1928,8,7,8,2,0,3,6,7,5
1928,NOR,NOR1928,1,2,1,0,0,0,1,2,1
1928,NZL,NZL1928,1,0,0,0,0,0,1,0,0
1928,PHI,PHI1928,0,0,1,0,0,0,0,0,1
1928,POL,POL1928,2,1,4,1,0,0,1,1,4
1928,POR,POR1928,0,0,1,0,0,0,0,0,1
1928,RSA,RSA1928,1,1,1,0,1,0,1,0,1
1928,SUI,SUI1928,7,6,4,0,0,0,7,6,4
1928,SWE,SWE1928,7,9,9,0,3,0,7,6,9
1928,TCH,TCH1928,2,5,2,0,0,0,2,5,2
1928,URU,URU1928,1,0,0,0,0,0,1,0,0
1928,USA,USA1928,22,16,18,6,3,5,16,13,13
1928,YUG,YUG1928,1,1,3,0,0,0,1,1,3
1932,ARG,ARG1932,3,1,0,0,0,0,3,1,0
1932,AUS,AUS1932,3,0,2,1,0,1,2,0,1
1932,AUT,AUT1932,1,1,3,1,0,0,0,1,3
1932,BEL,BEL1932,0,0,1,0,0,0,0,0,1
1932,CAN,CAN1932,2,4,10,0,1,2,2,3,8
1932,DEN,DEN1932,0,6,2,0,1,0,0,5,2
1932,ESP,ESP1932,0,0,1,0,0,0,0,0,1
1932,FIN,FIN1932,5,8,12,0,0,0,5,8,12
1932,FRA,FRA1932,11,5,4,0,0,0,11,5,4
1932,GBR,GBR1932,5,9,3,0,3,1,5,6,2
1932,GER,GER1932,5,12,7,0,1,1,5,11,6
1932,HUN,HUN1932,6,6,4,0,1,0,6,5,4
1932,IND,IND1932,1,0,0,0,0,0,1,0,0
1932,IRL,IRL1932,2,0,0,0,0,0,2,0,0
1932,ITA,ITA1932,12,12,12,0,0,0,12,12,12
1932,JPN,JPN1932,7,6,5,0,0,1,7,6,4
1932,LAT,LAT1932,0,1,0,0,0,0,0,1,0
1932,MEX,MEX1932,0,2,0,0,0,0,0,2,0
1932,NED,NED1932,2,3,3,0,0,2,2,3,1
1932,NZL,NZL1932,0,1,0,0,0,0,0,1,0
1932,PHI,PHI1932,0,0,3,0,0,0,0,0,3
1932,POL,POL1932,3,2,4,1,1,1,2,1,3
1932,RSA,RSA1932,2,2,1,0,2,0,2,0,1
1932,SUI,SUI1932,0,1,0,0,0,0,0,1,0
1932,SWE,SWE1932,10,5,9,0,0,0,10,5,9
1932,TCH,TCH1932,1,3,2,0,0,0,1,3,2
1932,URU,URU1932,0,0,1,0,0,0,0,0,1
1932,USA,USA1932,44,33,33,11,4,7,33,29,26
1936,ARG,ARG1936,2,1,4,0,0,1,2,1,3
1936,AUS,AUS1936,0,0,1,0,0,0,0,0,1
1936,AUT,AUT1936,5,8,4,0,1,0,5,7,4
1936,BEL,BEL1936,0,0,3,0,0,0,0,0,3
1936,CAN,CAN1936,1,5,3,0,2,0,1,3,3
1936,DEN,DEN1936,0,2,3,0,1,1,0,1,2
1936,EGY,EGY1936,1,1,2,0,0,0,1,1,2
1936,EST,EST1936,2,2,3,0,0,0,2,2,3
1936,FIN,FIN1936,8,6,6,0,0,0,8,6,6
1936,FRA,FRA1936,7,6,6,0,0,0,7,6,6
1936,GBR,GBR1936,4,5,5,0,0,2,4,5,3
1936,GER,GER1936,38,31,32,3,5,5,35,26,27
1936,HUN,HUN1936,10,2,4,2,1,0,8,1,4
1936,IND,IND1936,1,0,0,0,0,0,1,0,0
1936,ITA,ITA1936,9,13,5,1,0,0,8,13,5
1936,JPN,JPN1936,6,4,10,1,0,0,5,4,10
1936,LAT,LAT1936,0,1,1,0,0,0,0,1,1
1936,MEX,MEX1936,0,0,3,0,0,0,0,0,3
1936,NED,NED1936,6,3,8,4,0,1,2,3,7
1936,NOR,NOR1936,1,3,2,0,0,0,1,3,2
1936,NZL,NZL1936,1,0,0,0,0,0,1,0,0
1936,PHI,PHI1936,0,0,1,0,0,0,0,0,1
1936,POL,POL1936,0,3,6,0,1,2,0,2,4
1936,POR,POR1936,0,0,1,0,0,0,0,0,1
1936,ROU,ROU1936,0,1,0,0,0,0,0,1,0
1936,RSA,RSA1936,0,1,0,0,0,0,0,1,0
1936,SUI,SUI1936,4,9,4,0,0,0,4,9,4
1936,SWE,SWE1936,6,5,10,0,0,0,6,5,10
1936,TCH,TCH1936,3,4,2,0,0,1,3,4,1
1936,TUR,TUR1936,1,0,1,0,0,0,1,0,1
1936,USA,USA1936,24,23,10,4,4,2,20,19,8
1936,YUG,YUG1936,0,1,0,0,0,0,0,1,0
1948,ARG,ARG1948,3,2,2,0,0,1,3,2,1
1948,AUS,AUS1948,2,7,4,0,3,2,2,4,2
1948,AUT,AUT1948,2,5,1,1,3,0,1,2,1
1948,BEL,BEL1948,2,2,3,0,0,0,2,2,3
1948,BRA,BRA1948,0,0,1,0,0,0,0,0,1
1948,CAN,CAN1948,0,3,1,0,1,0,0,2,1
1948,DEN,DEN1948,5,7,10,3,2,3,2,5,7
1948,EGY,EGY1948,2,2,1,0,0,0,2,2,1
1948,ESP,ESP1948,0,1,0,0,0,0,0,1,0
1948,FIN,FIN1948,8,7,7,1,0,1,7,7,6
1948,FRA,FRA1948,11,8,13,2,2,0,9,6,13
1948,GBR,GBR1948,4,14,9,0,2,4,4,12,5
1948,HUN,HUN1948,10,6,11,2,2,1,8,4,10
1948,IND,IND1948,1,0,0,0,0,0,1,0,0
1948,IRI,IRI1948,0,0,1,0,0,0,0,0,1
1948,IRL,IRL1948,0,1,0,0,1,0,0,0,0
1948,ITA,ITA1948,9,10,12,0,0,2,9,10,10
1948,JAM,JAM1948,1,2,0,0,0,0,1,2,0
1948,KOR,KOR1948,0,0,2,0,0,0,0,0,2
1948,MEX,MEX1948,2,1,2,0,0,0,2,1,2
1948,NED,NED1948,5,3,8,5,2,1,0,1,7
1948,NOR,NOR1948,1,3,3,0,0,0,1,3,3
1948,PAN,PAN1948,0,0,2,0,0,0,0,0,2
1948,PER,PER1948,1,0,0,0,0,0,1,0,0
1948,POL,POL1948,1,0,1,0,0,0,1,0,1
1948,POR,POR1948,0,1,1,0,0,0,0,1,1
1948,PUR,PUR1948,0,0,1,0,0,0,0,0,1
1948,RSA,RSA1948,2,2,2,0,0,0,2,2,2
1948,SRI,SRI1948,0,1,0,0,0,0,0,1,0
1948,SUI,SUI1948,5,12,5,0,0,0,5,12,5
1948,SWE,SWE1948,17,12,17,0,1,0,17,11,17
1948,TCH,TCH1948,6,2,2,1,0,0,5,2,2
1948,TTO,TTO1948,0,1,0,0,0,0,0,1,0
1948,TUR,TUR1948,6,4,2,0,0,0,6,4,2
1948,URU,URU1948,0,1,1,0,0,0,0,1,1
1948,USA,USA1948,37,26,19,5,3,4,32,23,15
1948,YUG,YUG1948,0,2,0,0,0,0,0,2,0
1952,ARG,ARG1952,1,2,2,0,0,0,1,2,2
1952,AUS,AUS1952,6,3,2,3,1,0,3,2,2
1952,AUT,AUT1952,0,0,2,0,0,1,0,0,1
1952,BEL,BEL1952,2,2,0,0,0,0,2,2,0
1952,BRA,BRA1952,1,0,2,0,0,0,1,0,2
1952,BUL,BUL1952,0,0,1,0,0,0,0,0,1
1952,CAN,CAN1952,1,2,0,0,0,0,1,2,0
1952,CHI,CHI1952,0,2,0,0,0,0,0,2,0
1952,DEN,DEN1952,2,1,3,0,1,1,2,0,2
1952,EGY,EGY1952,0,0,1,0,0,0,0,0,1
1952,ESP,ESP1952,0,1,0,0,0,0,0,1,0
1952,FIN,FIN1952,6,3,13,1,0,0,5,3,13
1952,FRA,FRA1952,6,5,7,0,0,1,6,5,6
1952,GBR,GBR1952,1,4,6,0,3,1,1,1,5
1952,GER,GER1952,0,6,18,0,1,2,0,5,16
1952,HUN,HUN1952,16,12,14,6,6,4,10,6,10
1952,IND,IND1952,1,0,1,0,0,0,1,0,1
1952,IRI,IRI1952,0,3,4,0,0,0,0,3,4
1952,IRL,IRL1952,0,1,0,0,0,0,0,1,0
1952,ITA,ITA1952,8,9,4,1,0,0,7,9,4
1952,JAM,JAM1952,2,3,0,0,0,0,2,3,0
1952,JPN,JPN1952,1,5,1,0,0,0,1,5,1
1952,KOR,KOR1952,0,0,2,0,0,0,0,0,2
1952,LIB,LIB1952,0,1,1,0,0,0,0,1,1
1952,LUX,LUX1952,1,0,0,0,0,0,1,0,0
1952,MEX,MEX1952,0,1,0,0,0,0,0,1,0
1952,NED,NED1952,0,1,4,0,0,4,0,1,0
1952,NOR,NOR1952,3,2,0,0,0,0,3,2,0
1952,NZL,NZL1952,1,1,1,1,1,0,0,0,1
1952,POL,POL1952,1,2,1,0,0,0,1,2,1
1952,POR,POR1952,0,0,1,0,0,0,0,0,1
1952,ROU,ROU1952,1,1,2,0,0,0,1,1,2
1952,RSA,RSA1952,2,3,5,2,0,1,0,3,4
1952,SUI,SUI1952,2,5,6,0,0,0,2,5,6
1952,SWE,SWE1952,12,13,10,1,0,0,11,13,10
1952,TCH,TCH1952,7,4,2,1,1,0,6,3,2
1952,TTO,TTO1952,0,0,2,0,0,0,0,0,2
1952,TUR,TUR1952,2,0,1,0,0,0,2,0,1
1952,URS,URS1952,22,26,21,6,7,10,16,19,11
1952,URU,URU1952,0,0,2,0,0,0,0,0,2
1952,USA,USA1952,40,22,14,3,4,1,37,18,13
1952,VEN,VEN1952,0,0,1,0,0,0,0,0,1
1952,YUG,YUG1952,1,2,0,0,0,0,1,2,0
1956,ARG,ARG1956,0,1,1,0,0,0,0,1,1
1956,AUS,AUS1956,13,10,12,7,4,2,6,6,10
1956,AUT,AUT1956,0,0,2,0,0,0,0,0,2
1956,BAH,BAH1956,0,0,1,0,0,0,0,0,1
1956,BEL,BEL1956,0,2,0,0,0,0,0,2,0
1956,BRA,BRA1956,1,0,0,0,0,0,1,0,0
1956,BUL,BUL1956,1,3,1,0,0,0,1,3,1
1956,CAN,CAN1956,2,2,2,0,1,0,2,1,2
1956,CHI,CHI1956,0,1,3,0,0,1,0,1,2
1956,DEN,DEN1956,1,2,1,0,1,1,1,1,0
1956,FIN,FIN1956,3,1,11,0,0,0,3,1,11
1956,FRA,FRA1956,4,5,5,0,1,0,4,4,5
1956,GBR,GBR1956,6,6,12,2,1,2,4,5,10
1956,GER,GER1956,6,11,9,1,3,5,5,8,4
1956,GRE,GRE1956,0,0,1,0,0,0,0,0,1
1956,HUN,HUN1956,9,7,9,4,0,3,5,7,6
1956,IND,IND1956,1,0,0,0,0,0,1,0,0
1956,IRI,IRI1956,2,2,1,0,0,0,2,2,1
1956,IRL,IRL1956,1,1,3,0,0,0,1,1,3
1956,ISL,ISL1956,0,1,0,0,0,0,0,1,0
1956,ITA,ITA1956,8,8,9,0,0,0,8,8,9
1956,JPN,JPN1956,4,10,3,0,0,0,4,10,3
1956,KOR,KOR1956,0,1,1,0,0,0,0,1,1
1956,MEX,MEX1956,1,0,1,0,0,0,1,0,1
1956,NOR,NOR1956,1,0,2,0,0,0,1,0,2
1956,NZL,NZL1956,2,0,0,0,0,0,2,0,0
1956,PAK,PAK1956,0,1,0,0,0,0,0,1,0
1956,POL,POL1956,1,4,3,1,0,0,0,4,3
1956,ROU,ROU1956,5,4,4,0,2,1,5,2,3
1956,RSA,RSA1956,0,1,3,0,1,0,0,0,3
1956,SUI,SUI1956,0,0,1,0,0,0,0,0,1
1956,SWE,SWE1956,8,4,6,0,1,1,8,3,5
1956,TCH,TCH1956,1,3,2,1,0,1,0,3,1
1956,TUR,TUR1956,3,2,2,0,0,0,3,2,2
1956,URS,URS1956,35,28,29,6,6,4,29,22,25
1956,URU,URU1956,0,0,1,0,0,0,0,0,1
1956,USA,USA1956,32,23,19,4,4,6,28,19,13
1956,YUG,YUG1956,0,3,0,0,0,0,0,3,0
1960,ARG,ARG1960,0,1,1,0,0,0,0,1,1
1960,AUS,AUS1960,8,6,8,1,1,3,7,5,5
1960,AUT,AUT1960,1,1,0,0,0,0,1,1,0
1960,BEL,BEL1960,0,2,2,0,0,0,0,2,2
1960,BRA,BRA1960,0,0,2,0,0,0,0,0,2
1960,BUL,BUL1960,1,3,3,0,0,0,1,3,3
1960,CAN,CAN1960,0,1,0,0,0,0,0,1,0
1960,DEN,DEN1960,2,3,1,0,0,0,2,3,1
1960,ESP,ESP1960,0,0,1,0,0,0,0,0,1
1960,ETH,ETH1960,1,0,0,0,0,0,1,0,0
1960,FIN,FIN1960,1,1,3,0,0,0,1,1,3
1960,FRA,FRA1960,0,2,3,0,0,0,0,2,3
1960,GBR,GBR1960,2,5,12,1,3,3,1,2,9
1960,GER,GER1960,12,19,11,3,6,6,9,13,5
1960,GHA,GHA1960,0,1,0,0,0,0,0,1,0
1960,GRE,GRE1960,1,0,0,0,0,0,1,0,0
1960,HUN,HUN1960,6,8,7,0,1,1,6,7,6
1960,IND,IND1960,0,1,0,0,0,0,0,1,0
1960,IRI,IRI1960,0,1,3,0,0,0,0,1,3
1960,IRQ,IRQ1960,0,0,1,0,0,0,0,0,1
1960,ITA,ITA1960,13,12,11,0,2,0,13,10,11
1960,JPN,JPN1960,4,8,5,0,1,0,4,7,5
1960,MAR,MAR1960,0,1,0,0,0,0,0,1,0
1960,MEX,MEX1960,0,0,1,0,0,0,0,0,1
1960,NED,NED1960,0,1,2,0,1,1,0,0,1
1960,NOR,NOR1960,1,0,0,0,0,0,1,0,0
1960,NZL,NZL1960,2,0,1,0,0,0,2,0,1
1960,PAK,PAK1960,1,0,1,0,0,0,1,0,1
1960,POL,POL1960,4,6,11,0,2,2,4,4,9
1960,POR,POR1960,0,1,0,0,0,0,0,1,0
1960,ROU,ROU1960,3,4,3,1,3,0,2,1,3
1960,RSA,RSA1960,0,1,2,0,0,0,0,1,2
1960,SGP,SGP1960,0,1,0,0,0,0,0,1,0
1960,SUI,SUI1960,0,3,3,0,0,0,0,3,3
1960,SWE,SWE1960,1,1,4,0,0,1,1,1,3
1960,TCH,TCH1960,3,0,5,1,0,2,2,0,3
1960,TPE,TPE1960,0,1,0,0,0,0,0,1,0
1960,TUR,TUR1960,7,2,0,0,0,0,7,2,0
1960,UAR,UAR1960,0,1,1,0,0,0,0,1,1
1960,URS,URS1960,41,29,31,14,7,7,27,22,24
1960,USA,USA1960,34,19,18,8,1,3,26,18,15
1960,VEN,VEN1960,0,0,1,0,0,0,0,0,1
1960,WIF,WIF1960,0,0,2,0,0,0,0,0,2
1960,YUG,YUG1960,1,1,0,0,0,0,1,1,0
1964,ARG,ARG1964,0,1,0,0,0,0,0,1,0
1964,AUS,AUS1964,6,3,9,2,3,2,4,0,7
1964,BAH,BAH1964,1,0,0,0,0,0,1,0,0
1964,BEL,BEL1964,2,0,1,0,0,0,2,0,1
1964,BRA,BRA1964,0,0,1,0,0,0,0,0,1
1964,BUL,BUL1964,3,5,2,0,0,0,3,5,2
1964,CAN,CAN1964,1,2,1,0,0,0,1,2,1
1964,CUB,CUB1964,0,1,0,0,0,0,0,1,0
1964,DEN,DEN1964,2,1,3,0,0,0,2,1,3
1964,ETH,ETH1964,1,0,0,0,0,0,1,0,0
1964,FIN,FIN1964,3,0,2,0,0,0,3,0,2
1964,FRA,FRA1964,1,6,8,0,0,2,1,6,6
1964,GBR,GBR1964,4,11,3,2,1,2,2,10,1
1964,GER,GER1964,10,18,21,3,1,4,7,17,17
1964,GHA,GHA1964,0,0,1,0,0,0,0,0,1
1964,HUN,HUN1964,10,6,6,2,1,2,8,5,4
1964,IND,IND1964,1,0,0,0,0,0,1,0,0
1964,IRI,IRI1964,0,0,2,0,0,0,0,0,2
1964,IRL,IRL1964,0,0,1,0,0,0,0,0,1
1964,ITA,ITA1964,10,11,6,0,1,0,10,10,6
1964,JPN,JPN1964,16,5,7,1,1,0,15,4,7
1964,KEN,KEN1964,0,0,1,0,0,0,0,0,1
1964,KOR,KOR1964,0,2,1,0,0,0,0,2,1
1964,MEX,MEX1964,0,0,1,0,0,0,0,0,1
1964,NED,NED1964,2,3,5,0,1,2,2,2,3
1964,NGR,NGR1964,0,0,1,0,0,0,0,0,1
1964,NZL,NZL1964,3,1,1,0,1,0,3,0,1
1964,PAK,PAK1964,0,1,0,0,0,0,0,1,0
1964,PHI,PHI1964,0,1,0,0,0,0,0,1,0
1964,POL,POL1964,7,5,11,1,2,3,6,3,8
1964,ROU,ROU1964,2,5,5,2,2,1,0,3,4
1964,SUI,SUI1964,1,2,1,0,0,0,1,2,1
1964,SWE,SWE1964,2,2,4,0,0,0,2,2,4
1964,TCH,TCH1964,5,5,4,3,0,1,2,5,3
1964,TTO,TTO1964,0,1,2,0,0,0,0,1,2
1964,TUN,TUN1964,0,1,1,0,0,0,0,1,1
1964,TUR,TUR1964,2,3,1,0,0,0,2,3,1
1964,URS,URS1964,30,34,30,8,11,6,22,23,24
1964,URU,URU1964,0,0,1,0,0,0,0,0,1
1964,USA,USA1964,36,24,30,9,7,9,27,17,21
1964,YUG,YUG1964,2,1,2,0,0,0,2,1,2
1968,ARG,ARG1968,0,0,2,0,0,0,0,0,2
1968,AUS,AUS1968,5,6,6,2,2,3,3,4,3
1968,AUT,AUT1968,0,2,2,0,1,1,0,1,1
1968,BEL,BEL1968,0,1,1,0,0,0,0,1,1
1968,BRA,BRA1968,0,1,2,0,0,0,0,1,2
1968,BUL,BUL1968,2,4,3,0,0,0,2,4,3
1968,CAN,CAN1968,1,2,2,0,1,2,1,1,0
1968,CMR,CMR1968,0,1,0,0,0,0,0,1,0
1968,CUB,CUB1968,0,3,1,0,0,1,0,3,0
1968,DEN,DEN1968,1,4,3,0,0,0,1,4,3
1968,ETH,ETH1968,1,1,0,0,0,0,1,1,0
1968,FIN,FIN1968,1,2,1,0,0,0,1,2,1
1968,FRA,FRA1968,7,3,5,1,0,0,6,3,5
1968,FRG,FRG1968,5,10,11,2,1,2,3,9,9
1968,GBR,GBR1968,5,2,6,0,0,3,5,2,3
1968,GDR,GDR1968,9,6,10,1,2,5,8,4,5
1968,GRE,GRE1968,0,0,1,0,0,0,0,0,1
1968,HUN,HUN1968,10,11,11,1,3,2,9,8,9
1968,IND,IND1968,0,0,1,0,0,0,0,0,1
1968,IRI,IRI1968,2,1,2,0,0,0,2,1,2
1968,ITA,ITA1968,3,4,9,0,0,0,3,4,9
1968,JAM,JAM1968,0,1,0,0,0,0,0,1,0
1968,JPN,JPN1968,11,6,8,0,0,1,11,6,7
1968,KEN,KEN1968,3,4,2,0,0,0,3,4,2
1968,KOR,KOR1968,0,1,1,0,0,0,0,1,1
1968,MEX,MEX1968,3,3,3,0,1,1,3,2,2
1968,MGL,MGL1968,0,1,3,0,0,0,0,1,3
1968,NED,NED1968,3,4,0,1,1,0,2,3,0
1968,NOR,NOR1968,1,1,0,0,0,0,1,1,0
1968,NZL,NZL1968,1,0,2,0,0,0,1,0,2
1968,PAK,PAK1968,1,0,0,0,0,0,1,0,0
1968,POL,POL1968,5,4,9,1,2,0,4,2,9
1968,ROU,ROU1968,4,6,5,2,2,2,2,4,3
1968,SUI,SUI1968,0,1,4,0,0,0,0,1,4
1968,SWE,SWE1968,2,1,1,0,0,0,2,1,1
1968,TCH,TCH1968,7,0,6,6,0,2,1,0,4
1968,TPE,TPE1968,0,1,0,0,1,0,0,0,0
1968,TUN,TUN1968,1,0,1,0,0,0,1,0,1
1968,TUR,TUR1968,2,0,0,0,0,0,2,0,0
1968,UGA,UGA1968,0,1,1,0,0,0,0,1,1
1968,URS,URS1968,27,39,23,6,12,5,21,27,18
1968,USA,USA1968,45,30,32,15,10,8,30,20,24
1968,VEN,VEN1968,1,0,0,0,0,0,1,0,0
1968,YUG,YUG1968,3,2,3,1,0,1,2,2,2
1972,ARG,ARG1972,0,1,0,0,0,0,0,1,0
1972,AUS,AUS1972,7,6,3,5,2,3,2,4,0
1972,AUT,AUT1972,0,2,1,0,1,0,0,1,1
1972,BEL,BEL1972,0,2,0,0,0,0,0,2,0
1972,BRA,BRA1972,0,0,2,0,0,0,0,0,2
1972,BUL,BUL1972,6,10,5,0,2,2,6,8,3
1972,CAN,CAN1972,0,2,2,0,1,1,0,1,1
1972,COL,COL1972,0,1,2,0,0,0,0,1,2
1972,CUB,CUB1972,3,3,2,0,2,0,3,1,2
1972,DEN,DEN1972,1,0,0,0,0,0,1,0,0
1972,ESP,ESP1972,0,0,1,0,0,0,0,0,1
1972,ETH,ETH1972,0,0,2,0,0,0,0,0,2
1972,FIN,FIN1972,3,1,4,0,0,0,3,1,4
1972,FRA,FRA1972,2,4,7,0,0,0,2,4,7
1972,FRG,FRG1972,13,11,15,5,4,4,8,7,11
1972,GBR,GBR1972,4,4,10,2,0,1,2,4,9
1972,GDR,GDR1972,20,17,27,9,7,12,11,10,15
1972,GHA,GHA1972,0,0,1,0,0,0,0,0,1
1972,GRE,GRE1972,0,2,0,0,0,0,0,2,0
1972,HUN,HUN1972,6,13,16,0,3,3,6,10,13
1972,IND,IND1972,0,0,1,0,0,0,0,0,1
1972,IRI,IRI1972,0,2,1,0,0,0,0,2,1
1972,ITA,ITA1972,5,5,8,1,3,1,4,2,7
1972,JAM,JAM1972,0,0,1,0,0,0,0,0,1
1972,JPN,JPN1972,13,7,9,1,0,1,12,7,8
1972,KEN,KEN1972,2,3,4,0,0,0,2,3,4
1972,KOR,KOR1972,0,1,0,0,0,0,0,1,0
1972,LIB,LIB1972,0,1,0,0,0,0,0,1,0
1972,MEX,MEX1972,0,1,0,0,0,0,0,1,0
1972,MGL,MGL1972,0,1,0,0,0,0,0,1,0
1972,NED,NED1972,3,0,2,0,0,1,3,0,1
1972,NGR,NGR1972,0,0,1,0,0,0,0,0,1
1972,NIG,NIG1972,0,0,1,0,0,0,0,0,1
1972,NOR,NOR1972,2,1,1,0,0,0,2,1,1
1972,NZL,NZL1972,1,1,1,0,0,0,1,1,1
1972,PAK,PAK1972,0,1,0,0,0,0,0,1,0
1972,POL,POL1972,7,5,9,0,1,1,7,4,8
1972,PRK,PRK1972,1,2,2,0,1,0,1,1,2
1972,ROU,ROU1972,3,6,7,0,2,2,3,4,5
1972,SUI,SUI1972,0,3,0,0,0,0,0,3,0
1972,SWE,SWE1972,4,4,6,1,1,1,3,3,5
1972,TCH,TCH1972,2,4,2,0,1,1,2,3,1
1972,TUN,TUN1972,0,1,0,0,0,0,0,1,0
1972,TUR,TUR1972,0,1,0,0,0,0,0,1,0
1972,UGA,UGA1972,1,1,0,0,0,0,1,1,0
1972,URS,URS1972,49,27,22,11,6,6,38,21,16
1972,USA,USA1972,33,31,30,10,6,6,23,25,24
1972,YUG,YUG1972,2,1,2,0,0,0,2,1,2
1976,AUS,AUS1976,0,1,4,0,0,0,0,1,4
1976,AUT,AUT1976,0,0,1,0,0,0,0,0,1
1976,BEL,BEL1976,0,3,3,0,0,0,0,3,3
1976,BER,BER1976,0,0,1,0,0,0,0,0,1
1976,BRA,BRA1976,0,0,2,0,0,0,0,0,2
1976,BUL,BUL1976,6,8,8,3,2,3,3,6,5
1976,CAN,CAN1976,0,10,1,0,6,1,0,4,0
1976,CUB,CUB1976,6,4,3,0,0,0,6,4,3
1976,DEN,DEN1976,1,0,2,0,0,0,1,0,2
1976,ESP,ESP1976,0,2,0,0,0,0,0,2,0
1976,FIN,FIN1976,4,2,0,0,0,0,4,2,0
1976,FRA,FRA1976,2,2,5,0,0,1,2,2,4
1976,FRG,FRG1976,10,11,17,1,2,3,9,9,14
1976,GBR,GBR1976,3,5,5,0,0,0,3,5,5
1976,GDR,GDR1976,40,19,30,25,9,15,15,10,15
1976,HUN,HUN1976,4,8,10,1,4,1,3,4,9
1976,IRI,IRI1976,0,1,1,0,0,0,0,1,1
1976,ITA,ITA1976,2,5,6,0,0,2,2,5,4
1976,JAM,JAM1976,1,1,0,0,0,0,1,1,0
1976,JPN,JPN1976,9,6,10,1,0,0,8,6,10
1976,KOR,KOR1976,1,2,3,0,1,0,1,1,3
1976,MEX,MEX1976,1,0,1,0,0,0,1,0,1
1976,MGL,MGL1976,0,1,0,0,0,0,0,1,0
1976,NED,NED1976,0,4,1,0,2,0,0,2,1
1976,NOR,NOR1976,1,1,0,0,0,0,1,1,0
1976,NZL,NZL1976,2,1,1,0,0,0,2,1,1
1976,PAK,PAK1976,0,0,1,0,0,0,0,0,1
1976,POL,POL1976,7,6,13,1,0,0,6,6,13
1976,POR,POR1976,0,2,0,0,0,0,0,2,0
1976,PRK,PRK1976,1,1,0,0,0,0,1,1,0
1976,PUR,PUR1976,0,0,1,0,0,0,0,0,1
1976,ROU,ROU1976,4,10,13,3,3,2,1,7,11
1976,SUI,SUI1976,1,1,2,1,0,0,0,1,2
1976,SWE,SWE1976,4,0,1,0,0,1,4,0,0
1976,TCH,TCH1976,2,3,3,0,1,0,2,2,3
1976,THA,THA1976,0,0,1,0,0,0,0,0,1
1976,TTO,TTO1976,1,0,0,0,0,0,1,0,0
1976,URS,URS1976,49,40,35,11,12,12,38,28,23
1976,USA,USA1976,34,33,27,3,7,9,31,26,18
1976,VEN,VEN1976,0,1,0,0,0,0,0,1,0
1976,YUG,YUG1976,2,3,3,0,0,0,2,3,3
1980,AUS,AUS1980,2,3,4,1,1,0,1,2,4
1980,AUT,AUT1980,1,2,1,1,0,0,0,2,1
1980,BEL,BEL1980,1,0,0,0,0,0,1,0,0
1980,BRA,BRA1980,2,0,2,0,0,0,2,0,2
1980,BUL,BUL1980,8,15,18,0,3,4,8,12,14
1980,CUB,CUB1980,8,7,5,1,0,0,7,7,5
1980,DEN,DEN1980,2,2,1,0,1,0,2,1,1
1980,ESP,ESP1980,1,3,2,0,0,0,1,3,2
1980,ETH,ETH1980,2,0,2,0,0,0,2,0,2
1980,FIN,FIN1980,3,2,3,0,1,0,3,1,3
1980,FRA,FRA1980,6,5,3,2,0,0,4,5,3
1980,GBR,GBR1980,5,7,9,0,2,2,5,5,7
1980,GDR,GDR1980,47,36,41,24,17,17,23,19,24
1980,GRE,GRE1980,1,0,2,0,0,0,1,0,2
1980,GUY,GUY1980,0,0,1,0,0,0,0,0,1
1980,HUN,HUN1980,7,11,14,0,2,1,7,9,13
1980,IND,IND1980,1,0,0,0,0,0,1,0,0
1980,IRL,IRL1980,0,1,1,0,0,0,0,1,1
1980,ITA,ITA1980,8,2,5,1,0,1,7,2,4
1980,JAM,JAM1980,0,1,2,0,1,0,0,0,2
1980,LIB,LIB1980,0,0,1,0,0,0,0,0,1
1980,MEX,MEX1980,0,1,3,0,0,0,0,1,3
1980,MGL,MGL1980,0,2,2,0,0,0,0,2,2
1980,NED,NED1980,0,2,1,0,1,0,0,1,1
1980,POL,POL1980,3,15,14,0,3,2,3,12,12
1980,PRK,PRK1980,0,3,2,0,0,0,0,3,2
1980,ROU,ROU1980,6,7,11,3,4,3,3,3,8
1980,SUI,SUI1980,2,0,0,0,0,0,2,0,0
1980,SWE,SWE1980,3,2,7,0,0,1,3,2,6
1980,TAN,TAN1980,0,2,0,0,0,0,0,2,0
1980,TCH,TCH1980,2,1,11,0,0,2,2,1,9
1980,UGA,UGA1980,0,1,0,0,0,0,0,1,0
1980,URS,URS1980,79,65,48,17,13,16,62,52,32
1980,VEN,VEN1980,0,1,0,0,0,0,0,1,0
1980,YUG,YUG1980,2,3,4,0,1,1,2,2,3
1980,ZIM,ZIM1980,1,0,0,1,0,0,0,0,0
1984,ALG,ALG1984,0,0,2,0,0,0,0,0,2
1984,AUS,AUS1984,4,10,10,1,4,2,3,6,8
1984,AUT,AUT1984,1,1,1,0,0,0,1,1,1
1984,BEL,BEL1984,1,3,0,0,2,0,1,1,0
1984,BRA,BRA1984,1,5,2,0,0,0,1,5,2
1984,CAN,CAN1984,10,14,20,4,4,8,6,10,12
1984,CHN,CHN1984,14,10,6,5,4,1,9,6,5
1984,CIV,CIV1984,0,1,0,0,0,0,0,1,0
1984,CMR,CMR1984,0,0,1,0,0,0,0,0,1
1984,COL,COL1984,0,1,0,0,0,0,0,1,0
1984,DEN,DEN1984,0,3,3,0,1,1,0,2,2
1984,DOM,DOM1984,0,0,1,0,0,0,0,0,1
1984,EGY,EGY1984,0,1,0,0,0,0,0,1,0
1984,ESP,ESP1984,1,2,2,0,0,0,1,2,2
1984,FIN,FIN1984,4,1,7,0,0,1,4,1,6
1984,FRA,FRA1984,5,10,11,0,3,0,5,7,11
1984,FRG,FRG1984,17,24,18,3,10,5,14,14,13
1984,GBR,GBR1984,5,14,18,1,7,4,4,7,14
1984,GRE,GRE1984,0,1,1,0,0,0,0,1,1
1984,IRL,IRL1984,0,1,0,0,0,0,0,1,0
1984,ISL,ISL1984,0,0,1,0,0,0,0,0,1
1984,ITA,ITA1984,14,5,13,1,1,2,13,4,11
1984,JAM,JAM1984,0,3,0,0,2,0,0,1,0
1984,JPN,JPN1984,10,9,11,0,3,0,10,6,11
1984,KEN,KEN1984,1,0,2,0,0,0,1,0,2
1984,KOR,KOR1984,6,5,8,1,1,2,5,4,6
1984,MAR,MAR1984,2,0,0,1,0,0,1,0,0
1984,MEX,MEX1984,2,3,1,0,0,0,2,3,1
1984,NED,NED1984,5,5,3,4,5,2,1,0,1
1984,NGR,NGR1984,0,1,1,0,0,0,0,1,1
1984,NOR,NOR1984,0,0,3,0,0,1,0,0,2
1984,NZL,NZL1984,8,1,2,0,0,0,8,1,2
1984,PAK,PAK1984,1,0,0,0,0,0,1,0,0
1984,PER,PER1984,0,1,0,0,0,0,0,1,0
1984,POR,POR1984,1,1,1,0,1,0,1,0,1
1984,PUR,PUR1984,0,1,1,0,0,0,0,1,1
1984,ROU,ROU1984,19,16,17,13,7,7,6,9,10
1984,SUI,SUI1984,0,4,4,0,1,1,0,3,3
1984,SWE,SWE1984,2,11,6,2,1,1,0,10,5
1984,SYR,SYR1984,0,1,0,0,0,0,0,1,0
1984,THA,THA1984,0,1,0,0,0,0,0,1,0
1984,TPE,TPE1984,0,0,1,0,0,0,0,0,1
1984,TUR,TUR1984,0,0,3,0,0,0,0,0,3
1984,USA,USA1984,80,44,46,26,8,25,54,36,21
1984,VEN,VEN1984,0,0,3,0,0,0,0,0,3
1984,YUG,YUG1984,7,4,7,1,0,0,6,4,7
1984,ZAM,ZAM1984,0,0,1,0,0,0,0,0,1
1988,AHO,AHO1988,0,1,0,0,0,0,0,1,0
1988,ARG,ARG1988,0,0,2,0,0,1,0,0,1
1988,AUS,AUS1988,3,6,4,2,1,1,1,5,3
1988,AUT,AUT1988,1,0,0,0,0,0,1,0,0
1988,BEL,BEL1988,0,0,2,0,0,0,0,0,2
1988,BRA,BRA1988,1,2,3,0,0,0,1,2,3
1988,BUL,BUL1988,9,12,12,3,6,6,6,6,6
1988,CAN,CAN1988,3,4,3,2,2,0,1,2,3
1988,CHI,CHI1988,0,1,0,0,0,0,0,1,0
1988,CHN,CHN1988,5,9,13,3,5,7,2,4,6
1988,COL,COL1988,0,0,1,0,0,0,0,0,1
1988,CRC,CRC1988,0,0,1,0,0,1,0,0,0
1988,DEN,DEN1988,2,1,1,0,0,0,2,1,1
1988,DJI,DJI1988,0,0,1,0,0,0,0,0,1
1988,ESP,ESP1988,1,1,2,0,0,0,1,1,2
1988,FIN,FIN1988,1,1,2,0,0,0,1,1,2
1988,FRA,FRA1988,6,4,6,0,1,1,6,3,5
1988,FRG,FRG1988,11,14,15,5,3,3,6,11,12
1988,GBR,GBR1988,5,9,10,0,2,3,5,7,7
1988,GDR,GDR1988,37,34,31,20,15,16,17,19,15
1988,GRE,GRE1988,0,0,1,0,0,0,0,0,1
1988,HUN,HUN1988,10,5,7,1,1,2,9,4,5
1988,INA,INA1988,0,0,1,0,0,1,0,0,0
1988,IRI,IRI1988,0,1,0,0,0,0,0,1,0
1988,ISV,ISV1988,0,1,0,0,0,0,0,1,0
1988,ITA,ITA1988,6,3,5,0,0,1,6,3,4
1988,JAM,JAM1988,0,1,1,0,0,1,0,1,0
1988,JPN,JPN1988,4,4,6,0,2,1,4,2,5
1988,KEN,KEN1988,5,2,2,0,0,0,5,2,2
1988,KOR,KOR1988,12,9,12,4,1,2,8,8,10
1988,MAR,MAR1988,1,0,2,0,0,0,1,0,2
1988,MEX,MEX1988,0,0,2,0,0,0,0,0,2
1988,MGL,MGL1988,0,0,1,0,0,0,0,0,1
1988,NED,NED1988,2,3,4,1,2,1,1,1,3
1988,NOR,NOR1988,2,2,1,0,0,1,2,2,0
1988,NZL,NZL1988,3,3,7,0,1,0,3,2,7
1988,PAK,PAK1988,0,0,1,0,0,0,0,0,1
1988,PER,PER1988,0,0,1,0,0,1,0,0,0
1988,PHI,PHI1988,0,0,1,0,0,0,0,0,1
1988,POL,POL1988,2,6,8,0,1,0,2,5,8
1988,POR,POR1988,1,0,0,1,0,0,0,0,0
1988,ROU,ROU1988,7,8,7,5,4,7,2,4,0
1988,SEN,SEN1988,0,1,0,0,0,0,0,1,0
1988,SUI,SUI1988,0,3,1,0,1,0,0,2,1
1988,SUR,SUR1988,1,0,0,0,0,0,1,0,0
1988,SWE,SWE1988,0,3,7,0,0,1,0,3,6
1988,TCH,TCH1988,3,2,2,0,0,1,3,2,1
1988,THA,THA1988,0,0,1,0,0,0,0,0,1
1988,TUR,TUR1988,1,1,0,0,0,0,1,1,0
1988,URS,URS1988,53,40,37,13,16,7,40,24,30
1988,USA,USA1988,36,33,23,12,9,7,24,24,16
1988,YUG,YUG1988,3,5,4,1,2,1,2,3,3
1992,ALG,ALG1992,1,0,1,1,0,0,0,0,1
1992,ARG,ARG1992,0,0,1,0,0,0,0,0,1
1992,AUS,AUS1992,7,12,7,1,6,3,6,6,4
1992,AUT,AUT1992,0,2,0,0,0,0,0,2,0
1992,BAH,BAH1992,0,0,1,0,0,0,0,0,1
1992,BEL,BEL1992,0,1,2,0,1,1,0,0,1
1992,BRA,BRA1992,2,1,0,0,0,0,2,1,0
1992,BUL,BUL1992,3,6,7,0,2,3,3,4,4
1992,CAN,CAN1992,6,5,6,3,2,1,3,3,5
1992,CHN,CHN1992,16,13,22,12,6,15,4,7,7
1992,COL,COL1992,0,1,0,0,1,0,0,0,0
1992,CRO,CRO1992,0,1,0,0,0,0,0,1,0
1992,CUB,CUB1992,14,9,8,3,4,1,11,5,7
1992,DEN,DEN1992,1,1,4,0,0,0,1,1,4
1992,ESP,ESP1992,13,4,4,4,0,3,9,4,1
1992,EST,EST1992,1,0,1,1,0,0,0,0,1
1992,ETH,ETH1992,1,0,2,1,0,0,0,0,2
1992,EUN,EUN1992,44,34,29,12,10,13,32,24,16
1992,FIN,FIN1992,1,2,2,0,0,0,1,2,2
1992,FRA,FRA1992,8,7,14,3,3,1,5,4,13
1992,GBR,GBR1992,5,6,9,1,4,1,4,2,8
1992,GER,GER1992,33,21,26,11,11,10,22,10,16
1992,GHA,GHA1992,0,0,1,0,0,0,0,0,1
1992,GRE,GRE1992,2,0,0,1,0,0,1,0,0
1992,HUN,HUN1992,10,10,9,4,1,3,6,9,6
1992,INA,INA1992,2,2,0,1,0,0,1,2,0
1992,IOA,IOA1992,0,1,2,0,1,1,0,0,1
1992,IRI,IRI1992,0,1,2,0,0,0,0,1,2
1992,IRL,IRL1992,1,1,0,0,0,0,1,1,0
1992,ISR,ISR1992,0,0,2,0,0,1,0,0,1
1992,ITA,ITA1992,6,4,9,2,0,1,4,4,8
1992,JAM,JAM1992,0,2,2,0,1,2,0,1,0
1992,JPN,JPN1992,3,8,10,1,4,4,2,4,6
1992,KEN,KEN1992,2,4,2,0,0,0,2,4,2
1992,KOR,KOR1992,12,6,10,6,3,2,6,3,8
1992,LAT,LAT1992,0,2,1,0,0,0,0,2,1
1992,LTU,LTU1992,1,0,1,0,0,0,1,0,1
1992,MAR,MAR1992,1,1,1,0,0,0,1,1,1
1992,MEX,MEX1992,0,1,0,0,0,0,0,1,0
1992,MGL,MGL1992,0,1,1,0,1,0,0,0,1
1992,NAM,NAM1992,0,2,0,0,0,0,0,2,0
1992,NED,NED1992,2,9,4,1,4,1,1,5,3
1992,NGR,NGR1992,0,4,0,0,1,0,0,3,0
1992,NOR,NOR1992,2,3,2,1,0,1,1,3,1
1992,NZL,NZL1992,1,3,6,1,1,2,0,2,4
1992,PAK,PAK1992,0,0,1,0,0,0,0,0,1
1992,PER,PER1992,0,1,0,0,0,0,0,1,0
1992,PHI,PHI1992,0,0,1,0,0,0,0,0,1
1992,POL,POL1992,3,8,7,0,2,0,3,6,7
1992,PRK,PRK1992,4,0,3,0,0,0,4,0,3
1992,PUR,PUR1992,0,0,1,0,0,0,0,0,1
1992,QAT,QAT1992,0,0,1,0,0,0,0,0,1
1992,ROU,ROU1992,4,4,10,3,3,5,1,1,5
1992,RSA,RSA1992,0,1,1,0,0,1,0,1,0
1992,SLO,SLO1992,0,0,2,0,0,0,0,0,2
1992,SUI,SUI1992,1,0,0,0,0,0,1,0,0
1992,SUR,SUR1992,0,0,1,0,0,0,0,0,1
1992,SWE,SWE1992,1,7,4,0,1,1,1,6,3
1992,TCH,TCH1992,4,2,1,0,0,0,4,2,1
1992,THA,THA1992,0,0,1,0,0,0,0,0,1
1992,TPE,TPE1992,0,1,0,0,0,0,0,1,0
1992,TUR,TUR1992,2,3,1,0,1,0,2,2,1
1992,USA,USA1992,37,42,27,14,19,10,23,23,17
1996,ALG,ALG1996,2,0,1,0,0,0,2,0,1
1996,ARG,ARG1996,0,2,1,0,0,0,0,2,1
1996,ARM,ARM1996,1,1,0,0,0,0,1,1,0
1996,AUS,AUS1996,9,13,19,3,9,5,6,4,14
1996,AUT,AUT1996,0,2,1,0,1,0,0,1,1
1996,AZE,AZE1996,0,1,0,0,0,0,0,1,0
1996,BAH,BAH1996,0,0,1,0,0,1,0,0,0
1996,BDI,BDI1996,1,0,0,0,0,0,1,0,0
1996,BEL,BEL1996,2,2,2,1,1,1,1,1,1
1996,BLR,BLR1996,1,7,6,1,2,1,0,5,5
1996,BRA,BRA1996,3,2,10,1,1,2,2,1,8
1996,BUL,BUL1996,3,6,6,1,1,2,2,5,4
1996,CAN,CAN1996,3,9,10,1,4,6,2,5,4
1996,CHN,CHN1996,16,15,19,9,6,13,7,9,6
1996,CRC,CRC1996,1,0,0,1,0,0,0,0,0
1996,CRO,CRO1996,1,1,0,0,0,0,1,1,0
1996,CUB,CUB1996,9,9,7,2,3,2,7,6,5
1996,CZE,CZE1996,4,4,3,1,2,1,3,2,2
1996,DEN,DEN1996,4,2,0,2,1,0,2,1,0
1996,ECU,ECU1996,1,0,0,0,0,0,1,0,0
1996,ESP,ESP1996,5,8,4,2,3,1,3,5,3
1996,ETH,ETH1996,2,1,0,1,1,0,1,0,0
1996,FIN,FIN1996,1,2,1,1,0,0,0,2,1
1996,FRA,FRA1996,15,9,13,8,5,3,7,4,10
1996,GBR,GBR1996,1,9,5,0,1,0,1,8,5
1996,GEO,GEO1996,0,0,2,0,0,0,0,0,2
1996,GER,GER1996,20,16,29,5,8,10,15,8,19
1996,GRE,GRE1996,4,3,1,0,0,1,4,3,0
1996,HKG,HKG1996,1,0,0,1,0,0,0,0,0
1996,HUN,HUN1996,7,7,6,2,4,0,5,3,6
1996,INA,INA1996,1,1,2,0,1,1,1,0,1
1996,IND,IND1996,0,0,1,0,0,0,0,0,1
1996,IRI,IRI1996,1,1,1,0,0,0,1,1,1
1996,IRL,IRL1996,3,1,0,3,1,0,0,0,0
1996,ISR,ISR1996,0,0,1,0,0,0,0,0,1
1996,ITA,ITA1996,13,10,12,3,5,5,10,5,7
1996,JAM,JAM1996,1,2,3,1,1,2,0,1,1
1996,JPN,JPN1996,3,6,5,1,3,3,2,3,2
1996,KAZ,KAZ1996,3,4,4,0,0,0,3,4,4
1996,KEN,KEN1996,1,3,4,0,0,1,1,3,3
1996,KOR,KOR1996,7,11,9,5,2,6,2,9,3
1996,LAT,LAT1996,0,1,0,0,0,0,0,1,0
1996,LTU,LTU1996,0,0,1,0,0,0,0,0,1
1996,MAR,MAR1996,0,0,2,0,0,0,0,0,2
1996,MAS,MAS1996,0,1,1,0,0,0,0,1,1
1996,MDA,MDA1996,0,1,1,0,0,0,0,1,1
1996,MEX,MEX1996,0,0,1,0,0,0,0,0,1
1996,MGL,MGL1996,0,0,1,0,0,0,0,0,1
1996,MOZ,MOZ1996,0,1,0,0,1,0,0,0,0
1996,NAM,NAM1996,0,2,0,0,0,0,0,2,0
1996,NED,NED1996,4,8,7,0,7,4,4,1,3
1996,NGR,NGR1996,2,2,2,1,2,1,1,0,1
1996,NOR,NOR1996,2,4,1,0,2,0,2,2,1
1996,NZL,NZL1996,3,0,3,0,0,2,3,0,1
1996,PHI,PHI1996,0,1,0,0,0,0,0,1,0
1996,POL,POL1996,7,6,4,1,2,1,6,4,3
1996,POR,POR1996,1,0,1,1,0,0,0,0,1
1996,PRK,PRK1996,2,1,2,1,0,0,1,1,2
1996,PUR,PUR1996,0,0,1,0,0,0,0,0,1
1996,ROU,ROU1996,4,7,8,4,4,4,0,3,4
1996,RSA,RSA1996,3,2,0,2,1,0,1,1,0
1996,RUS,RUS1996,26,17,19,6,4,8,20,13,11
1996,SCG,SCG1996,1,2,1,1,1,0,0,1,1
1996,SLO,SLO1996,0,1,1,0,0,1,0,1,0
1996,SUI,SUI1996,4,2,1,0,0,1,4,2,0
1996,SVK,SVK1996,1,1,1,0,0,0,1,1,1
1996,SWE,SWE1996,2,5,1,2,1,0,0,4,1
1996,SYR,SYR1996,1,0,0,1,0,0,0,0,0
1996,TGA,TGA1996,0,1,0,0,0,0,0,1,0
1996,THA,THA1996,1,0,1,0,0,0,1,0,1
1996,TPE,TPE1996,0,0,1,0,0,1,0,0,0
1996,TTO,TTO1996,0,0,2,0,0,0,0,0,2
1996,TUN,TUN1996,0,0,1,0,0,0,0,0,1
1996,TUR,TUR1996,4,1,1,0,0,0,4,1,1
1996,UGA,UGA1996,0,0,1,0,0,0,0,0,1
1996,UKR,UKR1996,9,4,10,4,4,2,5,0,8
1996,USA,USA1996,44,31,25,19,10,10,25,21,15
1996,UZB,UZB1996,0,1,1,0,0,0,0,1,1
1996,ZAM,ZAM1996,0,1,0,0,0,0,0,1,0
2000,ALG,ALG2000,1,1,3,1,0,0,0,1,3
2000,ARG,ARG2000,0,2,2,0,1,1,0,1,1
2000,ARM,ARM2000,0,0,1,0,0,0,0,0,1
2000,AUS,AUS2000,16,22,20,7,6,9,9,16,11
2000,AUT,AUT2000,2,0,1,0,0,1,2,0,0
2000,AZE,AZE2000,2,0,1,1,0,0,1,0,1
2000,BAH,BAH2000,2,0,1,2,0,0,0,0,1
2000,BAR,BAR2000,0,0,1,0,0,0,0,0,1
2000,BEL,BEL2000,0,5,0,0,3,0,0,2,0
2000,BLR,BLR2000,3,4,10,3,3,2,0,1,8
2000,BRA,BRA2000,0,8,4,0,3,1,0,5,3
2000,BUL,BUL2000,5,5,3,2,0,1,3,5,2
2000,CAN,CAN2000,3,6,5,0,5,2,3,1,3
2000,CHI,CHI2000,0,0,1,0,0,0,0,0,1
2000,CHN,CHN2000,28,16,14,17,9,9,11,7,5
2000,CMR,CMR2000,1,0,0,0,0,0,1,0,0
2000,COL,COL2000,1,0,0,1,0,0,0,0,0
2000,CRC,CRC2000,0,2,0,0,2,0,0,0,0
2000,CRO,CRO2000,1,0,1,0,0,0,1,0,1
2000,CUB,CUB2000,11,9,9,3,1,3,8,8,6
2000,CZE,CZE2000,2,3,3,1,0,0,1,3,3
2000,DEN,DEN2000,2,2,2,1,0,1,1,2,1
2000,ESP,ESP2000,3,6,2,1,3,0,2,3,2
2000,EST,EST2000,1,0,2,0,0,0,1,0,2
2000,ETH,ETH2000,4,1,3,1,1,1,3,0,2
2000,FIN,FIN2000,2,1,1,0,0,0,2,1,1
2000,FRA,FRA2000,13,13,12,3,4,5,10,9,7
2000,GBR,GBR2000,11,11,6,3,4,3,8,7,3
2000,GEO,GEO2000,0,0,6,0,0,0,0,0,6
2000,GER,GER2000,13,22,21,6,10,5,7,12,16
2000,GRE,GRE2000,4,5,3,0,2,2,4,3,1
2000,HUN,HUN2000,8,3,6,2,1,4,6,2,2
2000,INA,INA2000,1,4,1,0,2,1,1,2,0
2000,IND,IND2000,0,1,0,0,1,0,0,0,0
2000,IRI,IRI2000,3,0,1,0,0,0,3,0,1
2000,IRL,IRL2000,0,0,1,0,0,1,0,0,0
2000,ISL,ISL2000,0,1,0,0,1,0,0,0,0
2000,ISR,ISR2000,0,0,1,0,0,0,0,0,1
2000,ITA,ITA2000,13,9,12,6,3,2,7,6,10
2000,JAM,JAM2000,0,3,6,0,2,5,0,1,1
2000,JPN,JPN2000,5,7,6,2,5,6,3,2,0
2000,KAZ,KAZ2000,3,4,0,1,0,0,2,4,0
2000,KEN,KEN2000,2,4,1,0,1,0,2,3,1
2000,KGZ,KGZ2000,0,0,1,0,0,0,0,0,1
2000,KOR,KOR2000,8,13,7,4,5,2,4,8,5
2000,KSA,KSA2000,0,1,1,0,0,0,0,1,1
2000,KUW,KUW2000,0,0,1,0,0,0,0,0,1
2000,LAT,LAT2000,1,1,1,0,0,0,1,1,1
2000,LTU,LTU2000,2,2,1,1,2,0,1,0,1
2000,MAR,MAR2000,0,2,3,0,1,0,0,1,3
2000,MDA,MDA2000,0,1,1,0,0,0,0,1,1
2000,MEX,MEX2000,1,2,3,1,0,0,0,2,3
2000,MKD,MKD2000,0,0,1,0,0,0,0,0,1
2000,MOZ,MOZ2000,1,0,0,1,0,0,0,0,0
2000,NED,NED2000,12,3,10,7,1,7,5,2,3
2000,NGR,NGR2000,1,0,2,0,0,2,1,0,0
2000,NOR,NOR2000,4,2,4,2,1,2,2,1,2
2000,NZL,NZL2000,1,1,2,0,1,0,1,0,2
2000,POL,POL2000,6,4,4,2,1,2,4,3,2
2000,POR,POR2000,0,1,1,0,1,0,0,0,1
2000,PRK,PRK2000,0,1,3,0,1,1,0,0,2
2000,QAT,QAT2000,0,0,1,0,0,0,0,0,1
2000,ROU,ROU2000,11,6,8,8,5,5,3,1,3
2000,RSA,RSA2000,0,2,3,0,1,1,0,1,2
2000,RUS,RUS2000,32,22,35,12,9,15,20,13,20
2000,SCG,SCG2000,1,0,2,0,0,1,1,0,1
2000,SLO,SLO2000,2,0,0,0,0,0,2,0,0
2000,SRI,SRI2000,0,0,1,0,0,1,0,0,0
2000,SUI,SUI2000,1,4,4,1,1,3,0,3,1
2000,SVK,SVK2000,1,1,3,0,0,2,1,1,1
2000,SWE,SWE2000,4,5,3,1,2,2,3,3,1
2000,THA,THA2000,1,1,1,0,1,0,1,0,1
2000,TPE,TPE2000,0,3,2,0,3,1,0,0,1
2000,TTO,TTO2000,0,1,1,0,0,0,0,1,1
2000,TUR,TUR2000,3,1,1,0,1,0,3,0,1
2000,UKR,UKR2000,3,11,9,2,4,3,1,7,6
2000,URU,URU2000,0,1,0,0,0,0,0,1,0
2000,USA,USA2000,36,33,22,16,16,7,20,17,15
2000,UZB,UZB2000,1,1,2,0,0,0,1,1,2
2000,VIE,VIE2000,0,0,1,0,0,1,0,0,0
2004,ARG,ARG2004,2,3,1,0,3,0,2,0,1
2004,AUS,AUS2004,17,17,16,8,8,7,9,9,9
2004,AUT,AUT2004,2,3,2,1,0,1,1,3,1
2004,AZE,AZE2004,1,2,2,0,2,0,1,0,2
2004,BAH,BAH2004,1,1,0,1,1,0,0,0,0
2004,BEL,BEL2004,1,1,1,1,1,0,0,0,1
2004,BLR,BLR2004,2,6,5,1,3,2,1,3,3
2004,BRA,BRA2004,5,0,5,0,0,2,5,0,3
2004,BUL,BUL2004,2,4,6,1,3,0,1,1,6
2004,CAN,CAN2004,3,5,4,1,2,3,2,3,1
2004,CHI,CHI2004,2,0,1,0,0,0,2,0,1
2004,CHN,CHN2004,32,15,16,20,9,11,12,6,5
2004,CMR,CMR2004,1,0,0,1,0,0,0,0,0
2004,COL,COL2004,0,2,0,0,2,0,0,0,0
2004,CRO,CRO2004,1,2,2,0,0,0,1,2,2
2004,CUB,CUB2004,9,10,8,2,6,3,7,4,5
2004,CZE,CZE2004,1,3,5,0,2,2,1,1,3
2004,DEN,DEN2004,2,3,3,1,2,0,1,1,3
2004,DOM,DOM2004,1,0,0,0,0,0,1,0,0
2004,EGY,EGY2004,1,1,3,0,0,0,1,1,3
2004,ERI,ERI2004,0,0,1,0,0,0,0,0,1
2004,ESP,ESP2004,3,9,8,0,2,4,3,7,4
2004,EST,EST2004,0,1,2,0,0,0,0,1,2
2004,ETH,ETH2004,2,4,1,1,2,1,1,2,0
2004,FIN,FIN2004,0,2,0,0,0,0,0,2,0
2004,FRA,FRA2004,11,10,12,3,7,6,8,3,6
2004,GBR,GBR2004,9,11,10,3,6,4,6,5,6
2004,GEO,GEO2004,2,2,0,0,0,0,2,2,0
2004,GER,GER2004,13,16,20,7,8,8,6,8,12
2004,GRE,GRE2004,6,3,7,3,1,4,3,2,3
2004,HKG,HKG2004,0,1,0,0,0,0,0,1,0
2004,HUN,HUN2004,8,4,5,5,0,2,3,4,3
2004,INA,INA2004,1,0,3,0,0,1,1,0,2
2004,IND,IND2004,0,1,0,0,0,0,0,1,0
2004,IRI,IRI2004,2,2,2,0,0,0,2,2,2
2004,ISR,ISR2004,1,0,1,0,0,0,1,0,1
2004,ITA,ITA2004,10,8,14,2,2,5,8,6,9
2004,JAM,JAM2004,2,3,0,2,2,0,0,1,0
2004,JPN,JPN2004,16,8,12,9,3,4,7,5,8
2004,KAZ,KAZ2004,1,4,3,0,0,0,1,4,3
2004,KEN,KEN2004,1,2,4,0,0,2,1,2,2
2004,KOR,KOR2004,9,11,10,3,4,5,6,7,5
2004,LAT,LAT2004,0,3,1,0,0,1,0,3,0
2004,LTU,LTU2004,1,1,1,0,0,1,1,1,0
2004,MAR,MAR2004,2,0,1,0,0,1,2,0,0
2004,MEX,MEX2004,0,2,2,0,1,2,0,1,0
2004,MGL,MGL2004,0,0,1,0,0,0,0,0,1
2004,NED,NED2004,4,11,7,3,6,4,1,5,3
2004,NGR,NGR2004,0,0,2,0,0,0,0,0,2
2004,NOR,NOR2004,5,0,1,2,0,0,3,0,1
2004,NZL,NZL2004,3,2,0,2,0,0,1,2,0
2004,PAR,PAR2004,0,1,0,0,0,0,0,1,0
2004,POL,POL2004,3,4,3,1,4,2,2,0,1
2004,POR,POR2004,0,2,1,0,0,0,0,2,1
2004,PRK,PRK2004,0,1,4,0,0,3,0,1,1
2004,ROU,ROU2004,8,5,6,8,2,2,0,3,4
2004,RSA,RSA2004,1,2,3,0,0,1,1,2,2
2004,RUS,RUS2004,28,21,41,12,11,16,16,10,25
2004,SCG,SCG2004,0,1,1,0,0,1,0,1,0
2004,SLO,SLO2004,0,3,1,0,2,0,0,1,1
2004,SUI,SUI2004,1,2,2,0,1,0,1,1,2
2004,SVK,SVK2004,2,2,2,1,0,0,1,2,2
2004,SWE,SWE2004,4,2,1,1,1,1,3,1,0
2004,SYR,SYR2004,0,0,1,0,0,0,0,0,1
2004,THA,THA2004,3,4,1,2,3,0,1,1,1
2004,TPE,TPE2004,2,3,0,1,1,0,1,2,0
2004,TTO,TTO2004,0,0,1,0,0,0,0,0,1
2004,TUR,TUR2004,3,3,5,1,0,0,2,3,5
2004,UAE,UAE2004,1,0,0,0,0,0,1,0,0
2004,UKR,UKR2004,8,8,6,5,5,2,3,3,4
2004,USA,USA2004,36,37,28,12,14,16,24,23,12
2004,UZB,UZB2004,2,1,2,0,0,0,2,1,2
2004,VEN,VEN2004,0,1,1,0,1,0,0,0,1
2004,ZIM,ZIM2004,1,1,1,1,1,1,0,0,0
2008,AFG,AFG2008,0,0,1,0,0,0,0,0,1
2008,ALG,ALG2008,0,2,0,0,1,0,0,1,0
2008,ARG,ARG2008,2,2,2,0,2,0,2,0,2
2008,ARM,ARM2008,0,0,6,0,0,0,0,0,6
2008,AUS,AUS2008,14,16,16,8,8,7,6,8,9
2008,AUT,AUT2008,0,3,0,0,2,0,0,1,0
2008,AZE,AZE2008,1,3,3,0,1,0,1,2,3
2008,BAH,BAH2008,0,1,1,0,0,0,0,1,1
2008,BEL,BEL2008,1,0,1,1,0,1,0,0,0
2008,BLR,BLR2008,4,8,6,1,5,2,3,3,4
2008,BRA,BRA2008,3,6,7,2,3,1,1,3,6
2008,BUL,BUL2008,1,0,4,1,0,1,0,0,3
2008,CAN,CAN2008,3,9,7,1,3,3,2,6,4
2008,CHI,CHI2008,0,1,0,0,0,0,0,1,0
2008,CHN,CHN2008,51,29,20,27,19,11,24,10,9
2008,CMR,CMR2008,1,0,0,1,0,0,0,0,0
2008,COL,COL2008,0,2,0,0,1,0,0,1,0
2008,CRO,CRO2008,0,4,1,0,3,1,0,1,0
2008,CUB,CUB2008,2,8,14,0,3,6,2,5,8
2008,CZE,CZE2008,3,2,1,2,0,1,1,2,0
2008,DEN,DEN2008,2,3,2,0,1,0,2,2,2
2008,DOM,DOM2008,1,1,0,0,0,0,1,1,0
2008,ECU,ECU2008,0,1,0,0,0,0,0,1,0
2008,EGY,EGY2008,0,0,1,0,0,0,0,0,1
2008,ESP,ESP2008,5,8,5,0,1,3,5,7,2
2008,EST,EST2008,1,1,0,0,0,0,1,1,0
2008,ETH,ETH2008,4,2,1,2,1,0,2,1,1
2008,FIN,FIN2008,1,0,3,1,0,1,0,0,2
2008,FRA,FRA2008,7,18,16,1,4,2,6,14,14
2008,GBR,GBR2008,19,16,13,7,8,5,12,8,8
2008,GEO,GEO2008,3,1,2,0,1,0,3,0,2
2008,GER,GER2008,16,15,10,7,8,3,9,7,7
2008,GRE,GRE2008,0,4,0,0,2,0,0,2,0
2008,HUN,HUN2008,3,5,2,1,1,1,2,4,1
2008,INA,INA2008,1,1,3,0,1,1,1,0,2
2008,IND,IND2008,1,0,2,0,0,0,1,0,2
2008,IRI,IRI2008,1,0,1,0,0,0,1,0,1
2008,IRL,IRL2008,0,1,2,0,0,0,0,1,2
2008,ISL,ISL2008,0,1,0,0,0,0,0,1,0
2008,ISR,ISR2008,0,0,1,0,0,0,0,0,1
2008,ITA,ITA2008,8,10,9,4,4,3,4,6,6
2008,JAM,JAM2008,5,2,2,3,2,2,2,0,0
2008,JPN,JPN2008,9,10,6,5,5,2,4,5,4
2008,KAZ,KAZ2008,2,4,7,0,2,2,2,2,5
2008,KEN,KEN2008,6,2,7,2,1,3,4,1,4
2008,KGZ,KGZ2008,0,1,1,0,0,0,0,1,1
2008,KOR,KOR2008,13,10,8,5,4,4,8,6,4
2008,LAT,LAT2008,1,1,1,0,0,0,1,1,1
2008,LTU,LTU2008,0,1,4,0,0,1,0,1,3
2008,MAR,MAR2008,0,2,0,0,1,0,0,1,0
2008,MAS,MAS2008,0,1,0,0,0,0,0,1,0
2008,MDA,MDA2008,0,0,1,0,0,0,0,0,1
2008,MEX,MEX2008,2,1,0,1,1,0,1,0,0
2008,MGL,MGL2008,2,1,1,0,0,1,2,1,0
2008,MRI,MRI2008,0,0,1,0,0,0,0,0,1
2008,NED,NED2008,7,3,6,6,2,4,1,1,2
2008,NGR,NGR2008,0,3,1,0,2,0,0,1,1
2008,NOR,NOR2008,3,4,2,1,1,2,2,3,0
2008,NZL,NZL2008,3,2,4,2,0,0,1,2,4
2008,PAN,PAN2008,1,0,0,0,0,0,1,0,0
2008,POL,POL2008,3,5,2,0,1,2,3,4,0
2008,POR,POR2008,1,0,1,0,0,1,1,0,0
2008,PRK,PRK2008,2,2,2,2,2,1,0,0,1
2008,ROU,ROU2008,4,2,2,4,2,1,0,0,1
2008,RSA,RSA2008,0,1,0,0,0,0,0,1,0
2008,RUS,RUS2008,23,16,32,11,8,13,12,8,19
2008,SGP,SGP2008,0,0,1,0,0,1,0,0,0
2008,SLO,SLO2008,1,2,2,0,1,1,1,1,1
2008,SRB,SRB2008,0,1,2,0,0,0,0,1,2
2008,SUD,SUD2008,0,1,0,0,0,0,0,1,0
2008,SUI,SUI2008,2,2,3,0,1,0,2,1,3
2008,SVK,SVK2008,3,1,2,1,0,1,2,1,1
2008,SWE,SWE2008,0,3,2,0,0,1,0,3,1
2008,THA,THA2008,2,1,1,1,0,1,1,1,0
2008,TJK,TJK2008,0,1,1,0,0,0,0,1,1
2008,TOG,TOG2008,0,0,1,0,0,0,0,0,1
2008,TPE,TPE2008,0,2,2,0,2,0,0,0,2
2008,TTO,TTO2008,1,1,0,0,0,0,1,1,0
2008,TUN,TUN2008,1,0,0,0,0,0,1,0,0
2008,TUR,TUR2008,1,0,6,0,0,3,1,0,3
2008,UKR,UKR2008,7,10,10,3,7,2,4,3,8
2008,USA,USA2008,36,29,44,16,15,25,20,14,19
2008,UZB,UZB2008,1,3,2,0,1,0,1,2,2
2008,VEN,VEN2008,0,1,0,0,1,0,0,0,0
2008,VIE,VIE2008,0,1,0,0,0,0,0,1,0
2008,ZIM,ZIM2008,1,0,3,1,0,3,0,0,0
2012,AFG,AFG2012,0,0,1,0,0,0,0,0,1
2012,ALG,ALG2012,1,0,0,0,0,0,1,0,0
2012,ARG,ARG2012,1,0,3,0,0,1,1,0,2
2012,ARM,ARM2012,0,2,1,0,1,0,0,1,1
2012,AUS,AUS2012,7,15,13,3,8,9,4,7,4
2012,AZE,AZE2012,2,2,6,0,1,1,2,1,5
2012,BAH,BAH2012,1,0,0,0,0,0,1,0,0
2012,BEL,BEL2012,0,3,0,0,2,0,0,1,0
2012,BLR,BLR2012,2,7,3,1,5,3,1,2,0
2012,BOT,BOT2012,0,1,0,0,0,0,0,1,0
2012,BRA,BRA2012,3,9,5,2,4,0,1,5,5
2012,BRN,BRN2012,0,1,0,0,1,0,0,0,0
2012,BUL,BUL2012,0,0,2,0,0,1,0,0,1
2012,CAN,CAN2012,1,9,7,1,6,2,0,3,5
2012,CHN,CHN2012,38,19,30,20,12,19,18,7,11
2012,COL,COL2012,1,4,3,1,2,1,0,2,2
2012,CRO,CRO2012,3,2,1,1,1,0,2,1,1
2012,CUB,CUB2012,5,1,8,1,0,2,4,1,6
2012,CYP,CYP2012,0,1,0,0,0,0,0,1,0
2012,CZE,CZE2012,4,4,2,2,2,1,2,2,1
2012,DEN,DEN2012,2,3,4,0,0,1,2,3,3
2012,DOM,DOM2012,1,1,0,0,0,0,1,1,0
2012,EGY,EGY2012,0,2,0,0,0,0,0,2,0
2012,ESP,ESP2012,3,9,5,2,4,5,1,5,0
2012,EST,EST2012,0,1,1,0,0,0,0,1,1
2012,ETH,ETH2012,3,3,1,3,2,0,0,1,1
2012,FIN,FIN2012,0,1,2,0,1,1,0,0,1
2012,FRA,FRA2012,11,14,10,4,7,4,7,7,6
2012,GAB,GAB2012,0,1,0,0,0,0,0,1,0
2012,GBR,GBR2012,29,16,19,11,6,7,18,10,12
2012,GEO,GEO2012,1,3,3,0,0,0,1,3,3
2012,GER,GER2012,11,14,19,3,4,9,8,10,10
2012,GRE,GRE2012,0,1,1,0,1,0,0,0,1
2012,GRN,GRN2012,1,0,0,0,0,0,1,0,0
2012,GUA,GUA2012,0,1,0,0,0,0,0,1,0
2012,HKG,HKG2012,0,1,0,0,1,0,0,0,0
2012,HUN,HUN2012,8,5,5,3,2,1,5,3,4
2012,INA,INA2012,0,1,1,0,0,0,0,1,1
2012,IND,IND2012,0,4,2,0,2,0,0,2,2
2012,IRI,IRI2012,4,5,3,0,0,0,4,5,3
2012,IRL,IRL2012,1,1,3,1,0,0,0,1,3
2012,ITA,ITA2012,8,12,8,3,4,1,5,8,7
2012,JAM,JAM2012,4,4,4,1,2,2,3,2,2
2012,JPN,JPN2012,7,15,16,4,7,6,3,8,10
2012,KAZ,KAZ2012,7,3,3,4,2,0,3,1,3
2012,KEN,KEN2012,2,2,7,0,1,3,2,1,4
2012,KOR,KOR2012,13,8,7,5,1,1,8,7,6
2012,KSA,KSA2012,0,0,1,0,0,0,0,0,1
2012,KUW,KUW2012,0,0,1,0,0,0,0,0,1
2012,LAT,LAT2012,1,0,1,0,0,0,1,0,1
2012,LTU,LTU2012,2,1,2,2,0,0,0,1,2
2012,MAR,MAR2012,0,0,1,0,0,0,0,0,1
2012,MAS,MAS2012,0,2,0,0,1,0,0,1,0
2012,MDA,MDA2012,0,1,1,0,1,0,0,0,1
2012,MEX,MEX2012,1,4,2,0,3,2,1,1,0
2012,MGL,MGL2012,0,3,2,0,1,0,0,2,2
2012,MNE,MNE2012,0,0,1,0,0,1,0,0,0
2012,NED,NED2012,6,9,5,4,6,3,2,3,2
2012,NOR,NOR2012,2,1,1,1,0,0,1,1,1
2012,NZL,NZL2012,6,2,4,3,1,1,3,1,3
2012,POL,POL2012,2,3,5,0,3,2,2,0,3
2012,POR,POR2012,0,1,0,0,0,0,0,1,0
2012,PRK,PRK2012,4,1,1,2,1,0,2,0,1
2012,PUR,PUR2012,0,1,1,0,0,0,0,1,1
2012,QAT,QAT2012,0,0,2,0,0,0,0,0,2
2012,ROU,ROU2012,2,2,5,1,1,4,1,1,1
2012,RSA,RSA2012,3,1,1,0,1,1,3,0,0
2012,RUS,RUS2012,24,24,34,12,15,17,12,9,17
2012,SGP,SGP2012,0,2,0,0,2,0,0,0,0
2012,SLO,SLO2012,1,1,2,1,0,0,0,1,2
2012,SRB,SRB2012,1,0,3,1,0,1,0,0,2
2012,SUI,SUI2012,2,2,0,1,0,0,1,2,0
2012,SVK,SVK2012,0,1,3,0,1,1,0,0,2
2012,SWE,SWE2012,1,2,5,0,0,2,1,2,3
2012,THA,THA2012,0,2,1,0,1,1,0,1,0
2012,TJK,TJK2012,0,1,0,0,1,0,0,0,0
2012,TPE,TPE2012,0,1,1,0,1,1,0,0,0
2012,TTO,TTO2012,1,1,2,0,0,0,1,1,2
2012,TUN,TUN2012,1,0,2,0,0,1,1,0,1
2012,TUR,TUR2012,2,0,3,1,0,2,1,0,1
2012,UGA,UGA2012,1,0,0,0,0,0,1,0,0
2012,UKR,UKR2012,6,9,5,2,6,2,4,3,3
2012,USA,USA2012,46,29,28,29,15,14,17,14,14
2012,UZB,UZB2012,1,0,2,0,0,0,1,0,2
2012,VEN,VEN2012,1,0,0,0,0,0,1,0,0
2016,ALG,ALG2016,0,2,0,0,0,0,0,2,0
2016,ARG,ARG2016,3,1,0,2,0,0,1,1,0
2016,ARM,ARM2016,1,3,0,0,0,0,1,3,0
2016,AUS,AUS2016,8,11,10,5,4,4,3,7,6
2016,AUT,AUT2016,0,1,0,0,1,0,0,0,0
2016,AZE,AZE2016,1,9,8,0,3,1,1,6,7
2016,BAH,BAH2016,1,0,1,1,0,0,0,0,1
2016,BDI,BDI2016,0,0,1,0,0,1,0,0,0
2016,BEL,BEL2016,2,3,1,1,1,0,1,2,1
2016,BLR,BLR2016,1,4,4,0,2,2,1,2,2
2016,BRA,BRA2016,7,7,5,2,2,1,5,5,4
2016,BRN,BRN2016,1,0,1,1,0,1,0,0,0
2016,BUL,BUL2016,0,2,1,0,2,1,0,0,0
2016,CAN,CAN2016,3,11,6,2,10,2,1,1,4
2016,CHN,CHN2016,26,23,21,14,16,11,12,7,10
2016,CIV,CIV2016,1,1,0,0,1,0,1,0,0
2016,COL,COL2016,3,2,3,2,1,1,1,1,2
2016,CRO,CRO2016,5,4,1,2,1,0,3,3,1
2016,CUB,CUB2016,5,2,4,0,1,1,5,1,3
2016,CZE,CZE2016,1,6,3,0,4,0,1,2,3
2016,DEN,DEN2016,2,7,6,1,4,3,1,3,3
2016,DOM,DOM2016,0,0,1,0,0,0,0,0,1
2016,EGY,EGY2016,0,2,1,0,2,0,0,0,1
2016,ESP,ESP2016,7,3,7,4,2,3,3,1,4
2016,EST,EST2016,0,0,1,0,0,0,0,0,1
2016,ETH,ETH2016,1,4,3,1,3,1,0,1,2
2016,FIJ,FIJ2016,1,0,0,0,0,0,1,0,0
2016,FIN,FIN2016,0,1,0,0,1,0,0,0,0
2016,FRA,FRA2016,10,12,20,3,1,7,7,11,13
2016,GBR,GBR2016,27,21,19,8,8,10,19,13,9
2016,GEO,GEO2016,2,1,4,0,0,0,2,1,4
2016,GER,GER2016,17,7,17,6,5,8,11,2,9
2016,GRE,GRE2016,3,2,1,2,1,0,1,1,1
2016,GRN,GRN2016,0,1,0,0,0,0,0,1,0
2016,HUN,HUN2016,8,4,3,7,2,1,1,2,2
2016,INA,INA2016,1,1,1,0,0,1,1,1,0
2016,IND,IND2016,0,1,1,0,1,1,0,0,0
2016,IOA,IOA2016,1,0,1,0,0,0,1,0,1
2016,IRI,IRI2016,3,2,3,0,1,0,3,1,3
2016,IRL,IRL2016,0,1,1,0,0,1,0,1,0
2016,ISR,ISR2016,0,1,1,0,1,0,0,0,1
2016,ITA,ITA2016,8,7,13,1,2,7,7,5,6
2016,JAM,JAM2016,6,3,2,2,2,2,4,1,0
2016,JOR,JOR2016,1,0,0,0,0,0,1,0,0
2016,JPN,JPN2016,12,17,12,7,10,1,5,7,11
2016,KAZ,KAZ2016,3,9,6,0,6,2,3,3,4
2016,KEN,KEN2016,6,4,3,3,1,3,3,3,0
2016,KOR,KOR2016,9,5,7,5,3,1,4,2,6
2016,KOS,KOS2016,1,0,0,1,0,0,0,0,0
2016,LTU,LTU2016,0,2,2,0,1,0,0,1,2
2016,MAR,MAR2016,0,0,1,0,0,0,0,0,1
2016,MAS,MAS2016,0,3,2,0,0,1,0,3,1
2016,MEX,MEX2016,0,1,4,0,0,2,0,1,2
2016,MGL,MGL2016,0,0,2,0,0,1,0,0,1
2016,NED,NED2016,8,5,6,6,2,4,2,3,2
2016,NGR,NGR2016,0,0,1,0,0,0,0,0,1
2016,NIG,NIG2016,0,1,0,0,0,0,0,1,0
2016,NOR,NOR2016,0,1,3,0,1,0,0,0,3
2016,NZL,NZL2016,4,3,11,1,2,8,3,1,3
2016,PHI,PHI2016,0,0,1,0,0,1,0,0,0
2016,POL,POL2016,2,5,4,2,4,2,0,1,2
2016,POR,POR2016,0,1,0,0,1,0,0,0,0
2016,PRK,PRK2016,2,2,3,1,1,2,1,1,1
2016,PUR,PUR2016,1,0,0,1,0,0,0,0,0
2016,QAT,QAT2016,0,1,0,0,0,0,0,1,0
2016,ROU,ROU2016,1,2,1,1,1,0,0,1,1
2016,RSA,RSA2016,2,4,3,1,0,1,1,4,2
2016,RUS,RUS2016,19,12,25,10,7,12,9,5,13
2016,SGP,SGP2016,1,0,0,0,0,0,1,0,0
2016,SLO,SLO2016,1,3,0,1,1,0,0,2,0
2016,SRB,SRB2016,2,4,2,0,2,2,2,2,0
2016,SUI,SUI2016,3,2,2,0,2,2,3,0,0
2016,SVK,SVK2016,2,2,0,0,0,0,2,2,0
2016,SWE,SWE2016,2,6,3,2,3,3,0,3,0
2016,THA,THA2016,2,2,2,2,1,1,0,1,1
2016,TJK,TJK2016,1,0,0,0,0,0,1,0,0
2016,TPE,TPE2016,1,2,0,1,2,0,0,0,0
2016,TTO,TTO2016,0,0,1,0,0,0,0,0,1
2016,TUN,TUN2016,0,2,1,0,2,0,0,0,1
2016,TUR,TUR2016,1,4,3,0,1,0,1,3,3
2016,UAE,UAE2016,0,0,1,0,0,0,0,0,1
2016,UKR,UKR2016,2,6,3,0,2,1,2,4,2
2016,USA,USA2016,46,36,38,28,18,18,18,18,20
2016,UZB,UZB2016,4,2,7,0,0,0,4,2,7
2016,VEN,VEN2016,0,1,2,0,1,1,0,0,1
2016,VIE,VIE2016,1,1,0,0,0,0,1,1,0
