Entity,Code,Year,GII,NOC,ID,Female_Ratio
Afghanistan,AFG,2008,0.755,AFG,AFG2008,0.25
Afghanistan,AFG,2012,0.738,AFG,AFG2012,0.16666666666666666
Afghanistan,AFG,2016,0.692,AFG,AFG2016,0.3333333333333333
Albania,ALB,2000,0.319,ALB,ALB2000,0.6
Albania,ALB,2004,0.301,ALB,ALB2004,0.2857142857142857
Albania,ALB,2008,0.293,ALB,ALB2008,0.4166666666666667
Albania,ALB,2012,0.235,ALB,ALB2012,0.3
Albania,ALB,2016,0.191,ALB,ALB2016,0.5
Algeria,DZA,1992,0.694,ALG,ALG1992,0.05555555555555555
Algeria,DZA,1996,0.662,ALG,ALG1996,0.1276595744680851
Algeria,DZA,2000,0.598,ALG,ALG2000,0.19607843137254902
Algeria,DZA,2004,0.556,ALG,ALG2004,0.23943661971830985
Algeria,DZA,2008,0.523,ALG,ALG2008,0.38596491228070173
Algeria,DZA,2012,0.437,ALG,ALG2012,0.4358974358974359
Algeria,DZA,2016,0.428,ALG,ALG2016,0.17567567567567569
Angola,AGO,1992,0.721,ANG,ANG1992,0.18181818181818182
Angola,AGO,1996,0.712,ANG,ANG1996,0.5666666666666667
Angola,AGO,2000,0.671,ANG,ANG2000,0.5
Angola,AGO,2004,0.643,ANG,ANG2004,0.5333333333333333
Angola,AGO,2008,0.568,ANG,ANG2008,0.45454545454545453
Angola,AGO,2012,0.545,ANG,ANG2012,0.8285714285714286
Angola,AGO,2016,0.529,ANG,ANG2016,0.6923076923076923
Argentina,ARG,1992,0.436,ARG,ARG1992,0.26126126126126126
Argentina,ARG,1996,0.422,ARG,ARG1996,0.31221719457013575
Argentina,ARG,2000,0.413,ARG,ARG2000,0.3151515151515151
Argentina,ARG,2004,0.377,ARG,ARG2004,0.30726256983240224
Argentina,ARG,2008,0.363,ARG,ARG2008,0.38620689655172413
Argentina,ARG,2012,0.36,ARG,ARG2012,0.30405405405405406
Argentina,ARG,2016,0.338,ARG,ARG2016,0.35344827586206895
Armenia,ARM,1996,0.463,ARM,ARM1996,0.05263157894736842
Armenia,ARM,2000,0.453,ARM,ARM2000,0.07692307692307693
Armenia,ARM,2004,0.394,ARM,ARM2004,0.10526315789473684
Armenia,ARM,2008,0.348,ARM,ARM2008,0.07692307692307693
Armenia,ARM,2012,0.327,ARM,ARM2012,0.12903225806451613
Armenia,ARM,2016,0.306,ARM,ARM2016,0.29411764705882354
Australia,AUS,1992,0.184,AUS,AUS1992,0.4128205128205128
Australia,AUS,1996,0.174,AUS,AUS1996,0.44181818181818183
Australia,AUS,2000,0.151,AUS,AUS2000,0.467005076142132
Australia,AUS,2004,0.136,AUS,AUS2004,0.4559068219633943
Australia,AUS,2008,0.138,AUS,AUS2008,0.47543859649122805
Australia,AUS,2012,0.13,AUS,AUS2012,0.4727626459143969
Australia,AUS,2016,0.101,AUS,AUS2016,0.5077220077220077
Austria,AUT,1992,0.201,AUT,AUT1992,0.30708661417322836
Austria,AUT,1996,0.163,AUT,AUT1996,0.22826086956521738
Austria,AUT,2000,0.149,AUT,AUT2000,0.39473684210526316
Austria,AUT,2004,0.126,AUT,AUT2004,0.2826086956521739
Austria,AUT,2008,0.121,AUT,AUT2008,0.40860215053763443
Austria,AUT,2012,0.098,AUT,AUT2012,0.4222222222222222
Austria,AUT,2016,0.082,AUT,AUT2016,0.47058823529411764
Azerbaijan,AZE,1996,0.387,AZE,AZE1996,0.16666666666666666
Azerbaijan,AZE,2000,0.354,AZE,AZE2000,0.21875
Azerbaijan,AZE,2004,0.348,AZE,AZE2004,0.1891891891891892
Azerbaijan,AZE,2008,0.352,AZE,AZE2008,0.3181818181818182
Azerbaijan,AZE,2012,0.34,AZE,AZE2012,0.2711864406779661
Azerbaijan,AZE,2016,0.328,AZE,AZE2016,0.2318840579710145
Bahamas,BHS,1992,0.418,BAH,BAH1992,0.16666666666666666
Bahamas,BHS,1996,0.401,BAH,BAH1996,0.3611111111111111
Bahamas,BHS,2000,0.383,BAH,BAH2000,0.38461538461538464
Bahamas,BHS,2004,0.361,BAH,BAH2004,0.42857142857142855
Bahamas,BHS,2008,0.359,BAH,BAH2008,0.3333333333333333
Bahamas,BHS,2012,0.372,BAH,BAH2012,0.4482758620689655
Bahamas,BHS,2016,0.349,BAH,BAH2016,0.4473684210526316
Bahrain,BHR,2004,0.355,BRN,BRN2004,0.3
Bahrain,BHR,2008,0.263,BRN,BRN2008,0.2
Bahrain,BHR,2012,0.241,BRN,BRN2012,0.7142857142857143
Bahrain,BHR,2016,0.236,BRN,BRN2016,0.3939393939393939
Bangladesh,BGD,1992,0.721,BAN,BAN1992,0.1111111111111111
Bangladesh,BGD,1996,0.702,BAN,BAN1996,0.25
Bangladesh,BGD,2000,0.689,BAN,BAN2000,0.6666666666666666
Bangladesh,BGD,2004,0.734,BAN,BAN2004,0.25
Bangladesh,BGD,2008,0.665,BAN,BAN2008,0.4
Bangladesh,BGD,2012,0.589,BAN,BAN2012,0.14285714285714285
Bangladesh,BGD,2016,0.551,BAN,BAN2016,0.42857142857142855
Barbados,BRB,1992,0.405,BAR,BAR1992,0.09090909090909091
Barbados,BRB,1996,0.388,BAR,BAR1996,0.13636363636363635
Barbados,BRB,2000,0.361,BAR,BAR2000,0.35714285714285715
Barbados,BRB,2004,0.348,BAR,BAR2004,0.06666666666666667
Barbados,BRB,2008,0.349,BAR,BAR2008,0.2
Barbados,BRB,2016,0.296,BAR,BAR2016,0.38461538461538464
Belarus,BLR,2004,0.176,BLR,BLR2004,0.453125
Belarus,BLR,2008,0.153,BLR,BLR2008,0.4050632911392405
Belarus,BLR,2012,0.159,BLR,BLR2012,0.4648648648648649
Belarus,BLR,2016,0.121,BLR,BLR2016,0.5422535211267606
Belgium,BEL,1992,0.175,BEL,BEL1992,0.3786407766990291
Belgium,BEL,1996,0.16,BEL,BEL1996,0.345679012345679
Belgium,BEL,2000,0.134,BEL,BEL2000,0.574468085106383
Belgium,BEL,2004,0.105,BEL,BEL2004,0.37142857142857144
Belgium,BEL,2008,0.1,BEL,BEL2008,0.19642857142857142
Belgium,BEL,2012,0.085,BEL,BEL2012,0.34507042253521125
Belgium,BEL,2016,0.06,BEL,BEL2016,0.38405797101449274
Belize,BLZ,1992,0.558,BIZ,BIZ1992,0.05555555555555555
Belize,BLZ,1996,0.537,BIZ,BIZ1996,0.6
Belize,BLZ,2000,0.511,BIZ,BIZ2000,0.5
Belize,BLZ,2004,0.495,BIZ,BIZ2004,0.5
Belize,BLZ,2008,0.468,BIZ,BIZ2008,0.25
Belize,BLZ,2012,0.437,BIZ,BIZ2012,0.3333333333333333
Belize,BLZ,2016,0.41,BIZ,BIZ2016,0.3333333333333333
Benin,BEN,1992,0.689,BEN,BEN1992,0.2857142857142857
Benin,BEN,1996,0.677,BEN,BEN1996,0.14285714285714285
Benin,BEN,2000,0.673,BEN,BEN2000,0.25
Benin,BEN,2004,0.657,BEN,BEN2004,0.5
Benin,BEN,2008,0.626,BEN,BEN2008,0.4
Benin,BEN,2012,0.623,BEN,BEN2012,0.2
Benin,BEN,2016,0.618,BEN,BEN2016,0.3333333333333333
Bhutan,BTN,2012,0.496,BHU,BHU2012,1.0
Bhutan,BTN,2016,0.486,BHU,BHU2016,1.0
Bolivia,BOL,2000,0.589,BOL,BOL2000,0.4
Bolivia,BOL,2004,0.54,BOL,BOL2004,0.6363636363636364
Bolivia,BOL,2008,0.532,BOL,BOL2008,0.42857142857142855
Bolivia,BOL,2012,0.479,BOL,BOL2012,0.4
Bolivia,BOL,2016,0.43,BOL,BOL2016,0.5
Bosnia and Herzegovina,BIH,2004,0.279,BIH,BIH2004,0.18181818181818182
Bosnia and Herzegovina,BIH,2008,0.253,BIH,BIH2008,0.14285714285714285
Bosnia and Herzegovina,BIH,2012,0.185,BIH,BIH2012,0.25
Bosnia and Herzegovina,BIH,2016,0.167,BIH,BIH2016,0.36363636363636365
Botswana,BWA,2004,0.528,BOT,BOT2004,0.08333333333333333
Botswana,BWA,2008,0.505,BOT,BOT2008,0.18181818181818182
Botswana,BWA,2012,0.503,BOT,BOT2012,0.25
Botswana,BWA,2016,0.48,BOT,BOT2016,0.21428571428571427
Brazil,BRA,1992,0.545,BRA,BRA1992,0.2575107296137339
Brazil,BRA,1996,0.529,BRA,BRA1996,0.2749003984063745
Brazil,BRA,2000,0.507,BRA,BRA2000,0.4364406779661017
Brazil,BRA,2004,0.473,BRA,BRA2004,0.5031446540880503
Brazil,BRA,2008,0.461,BRA,BRA2008,0.4911242603550296
Brazil,BRA,2012,0.444,BRA,BRA2012,0.47058823529411764
Brazil,BRA,2016,0.431,BRA,BRA2016,0.444253859348199
Brunei,BRN,2016,0.282,BRU,BRU2016,0.3333333333333333
Bulgaria,BGR,1992,0.361,BUL,BUL1992,0.3813559322033898
Bulgaria,BGR,1996,0.336,BUL,BUL1996,0.292817679558011
Bulgaria,BGR,2000,0.322,BUL,BUL2000,0.31333333333333335
Bulgaria,BGR,2004,0.243,BUL,BUL2004,0.4369747899159664
Bulgaria,BGR,2008,0.247,BUL,BUL2008,0.40229885057471265
Bulgaria,BGR,2012,0.226,BUL,BUL2012,0.48
Bulgaria,BGR,2016,0.216,BUL,BUL2016,0.43103448275862066
Burkina Faso,BFA,2000,0.675,BUR,BUR2000,0.25
Burkina Faso,BFA,2004,0.647,BUR,BUR2004,0.4
Burkina Faso,BFA,2008,0.628,BUR,BUR2008,0.5
Burkina Faso,BFA,2012,0.608,BUR,BUR2012,0.6
Burkina Faso,BFA,2016,0.613,BUR,BUR2016,0.4
Burundi,BDI,2000,0.616,BDI,BDI2000,0.16666666666666666
Burundi,BDI,2004,0.593,BDI,BDI2004,0.2857142857142857
Burundi,BDI,2008,0.547,BDI,BDI2008,0.6666666666666666
Burundi,BDI,2012,0.533,BDI,BDI2012,0.6666666666666666
Burundi,BDI,2016,0.514,BDI,BDI2016,0.4
Cambodia,KHM,1996,0.64,CAM,CAM1996,0.4
Cambodia,KHM,2000,0.602,CAM,CAM2000,0.5
Cambodia,KHM,2004,0.574,CAM,CAM2004,0.5
Cambodia,KHM,2008,0.531,CAM,CAM2008,0.5
Cambodia,KHM,2012,0.504,CAM,CAM2012,0.5
Cambodia,KHM,2016,0.475,CAM,CAM2016,0.6666666666666666
Cameroon,CMR,1992,0.704,CMR,CMR1992,0.6666666666666666
Cameroon,CMR,1996,0.701,CMR,CMR1996,0.3157894736842105
Cameroon,CMR,2000,0.693,CMR,CMR2000,0.28205128205128205
Cameroon,CMR,2004,0.66,CMR,CMR2004,0.47368421052631576
Cameroon,CMR,2008,0.628,CMR,CMR2008,0.21875
Cameroon,CMR,2012,0.621,CMR,CMR2012,0.6875
Cameroon,CMR,2016,0.579,CMR,CMR2016,0.7727272727272727
Canada,CAN,1992,0.188,CAN,CAN1992,0.43595505617977526
Canada,CAN,1996,0.176,CAN,CAN1996,0.4950980392156863
Canada,CAN,2000,0.15,CAN,CAN2000,0.5308056872037915
Canada,CAN,2004,0.129,CAN,CAN2004,0.4884910485933504
Canada,CAN,2008,0.143,CAN,CAN2008,0.41870824053452116
Canada,CAN,2012,0.12,CAN,CAN2012,0.5875706214689266
Canada,CAN,2016,0.087,CAN,CAN2016,0.6271604938271605
Cape Verde,CPV,2016,0.391,CPV,CPV2016,0.6
Central African Republic,CAF,1992,0.748,CAF,CAF1992,0.14285714285714285
Central African Republic,CAF,1996,0.742,CAF,CAF1996,0.4
Central African Republic,CAF,2000,0.71,CAF,CAF2000,0.6666666666666666
Central African Republic,CAF,2004,0.709,CAF,CAF2004,0.5
Central African Republic,CAF,2008,0.696,CAF,CAF2008,0.3333333333333333
Central African Republic,CAF,2012,0.686,CAF,CAF2012,0.5
Central African Republic,CAF,2016,0.701,CAF,CAF2016,0.5
Chad,TCD,2004,0.748,CHA,CHA2004,1.0
Chad,TCD,2008,0.748,CHA,CHA2008,0.5
Chad,TCD,2012,0.703,CHA,CHA2012,1.0
Chad,TCD,2016,0.695,CHA,CHA2016,0.5
Chile,CHL,1992,0.497,CHI,CHI1992,0.2
Chile,CHL,1996,0.476,CHI,CHI1996,0.25
Chile,CHL,2000,0.429,CHI,CHI2000,0.13793103448275862
Chile,CHL,2004,0.388,CHI,CHI2004,0.27586206896551724
Chile,CHL,2008,0.356,CHI,CHI2008,0.2413793103448276
Chile,CHL,2012,0.32,CHI,CHI2012,0.4090909090909091
Chile,CHL,2016,0.259,CHI,CHI2016,0.44680851063829785
China,CHN,2000,0.275,CHN,CHN2000,0.6159420289855072
China,CHN,2004,0.259,CHN,CHN2004,0.611969111969112
China,CHN,2008,0.257,CHN,CHN2008,0.4849315068493151
China,CHN,2012,0.245,CHN,CHN2012,0.55741127348643
China,CHN,2016,0.221,CHN,CHN2016,0.591182364729459
Colombia,COL,1992,0.528,COL,COL1992,0.04918032786885246
Colombia,COL,1996,0.513,COL,COL1996,0.24193548387096775
Colombia,COL,2000,0.497,COL,COL2000,0.4444444444444444
Colombia,COL,2004,0.492,COL,COL2004,0.39436619718309857
Colombia,COL,2008,0.491,COL,COL2008,0.36666666666666664
Colombia,COL,2012,0.462,COL,COL2012,0.5333333333333333
Colombia,COL,2016,0.427,COL,COL2016,0.4840764331210191
Congo,COG,2000,0.62,CGO,CGO2000,0.4
Congo,COG,2004,0.624,CGO,CGO2004,0.6
Congo,COG,2008,0.619,CGO,CGO2008,0.4
Congo,COG,2012,0.604,CGO,CGO2012,0.42857142857142855
Congo,COG,2016,0.58,CGO,CGO2016,0.3
Costa Rica,CRI,1992,0.47,CRC,CRC1992,0.4
Costa Rica,CRI,1996,0.465,CRC,CRC1996,0.5384615384615384
Costa Rica,CRI,2000,0.427,CRC,CRC2000,0.3333333333333333
Costa Rica,CRI,2004,0.363,CRC,CRC2004,0.19047619047619047
Costa Rica,CRI,2008,0.333,CRC,CRC2008,0.25
Costa Rica,CRI,2012,0.318,CRC,CRC2012,0.2727272727272727
Costa Rica,CRI,2016,0.312,CRC,CRC2016,0.4166666666666667
Cote d'Ivoire,CIV,1992,0.692,CIV,CIV1992,0.4444444444444444
Cote d'Ivoire,CIV,1996,0.681,CIV,CIV1996,0.07692307692307693
Cote d'Ivoire,CIV,2000,0.678,CIV,CIV2000,0.5
Cote d'Ivoire,CIV,2004,0.672,CIV,CIV2004,0.6
Cote d'Ivoire,CIV,2008,0.661,CIV,CIV2008,0.09090909090909091
Cote d'Ivoire,CIV,2012,0.649,CIV,CIV2012,0.6
Cote d'Ivoire,CIV,2016,0.645,CIV,CIV2016,0.6
Croatia,HRV,1992,0.297,CRO,CRO1992,0.13043478260869565
Croatia,HRV,1996,0.282,CRO,CRO1996,0.13675213675213677
Croatia,HRV,2000,0.191,CRO,CRO2000,0.2962962962962963
Croatia,HRV,2004,0.158,CRO,CRO2004,0.24
Croatia,HRV,2008,0.156,CRO,CRO2008,0.24
Croatia,HRV,2012,0.128,CRO,CRO2012,0.4152542372881356
Croatia,HRV,2016,0.157,CRO,CRO2016,0.25806451612903225
Cuba,CUB,1992,0.434,CUB,CUB1992,0.29081632653061223
Cuba,CUB,1996,0.408,CUB,CUB1996,0.33707865168539325
Cuba,CUB,2000,0.369,CUB,CUB2000,0.33948339483394835
Cuba,CUB,2004,0.332,CUB,CUB2004,0.3446327683615819
Cuba,CUB,2008,0.325,CUB,CUB2008,0.3567251461988304
Cuba,CUB,2012,0.323,CUB,CUB2012,0.4067796610169492
Cuba,CUB,2016,0.309,CUB,CUB2016,0.3006993006993007
Cyprus,CYP,1992,0.36,CYP,CYP1992,0.21052631578947367
Cyprus,CYP,1996,0.285,CYP,CYP1996,0.16666666666666666
Cyprus,CYP,2000,0.239,CYP,CYP2000,0.20833333333333334
Cyprus,CYP,2004,0.138,CYP,CYP2004,0.3333333333333333
Cyprus,CYP,2008,0.125,CYP,CYP2008,0.6111111111111112
Cyprus,CYP,2012,0.138,CYP,CYP2012,0.3076923076923077
Cyprus,CYP,2016,0.101,CYP,CYP2016,0.3333333333333333
Czechia,CZE,1996,0.214,CZE,CZE1996,0.40236686390532544
Czechia,CZE,2000,0.176,CZE,CZE2000,0.3148148148148148
Czechia,CZE,2004,0.153,CZE,CZE2004,0.4444444444444444
Czechia,CZE,2008,0.154,CZE,CZE2008,0.44936708860759494
Czechia,CZE,2012,0.142,CZE,CZE2012,0.49056603773584906
Czechia,CZE,2016,0.138,CZE,CZE2016,0.4148148148148148
Democratic Republic of Congo,COD,2004,0.653,COD,COD2004,0.16666666666666666
Democratic Republic of Congo,COD,2008,0.658,COD,COD2008,0.2
Democratic Republic of Congo,COD,2012,0.65,COD,COD2012,0.25
Democratic Republic of Congo,COD,2016,0.633,COD,COD2016,0.5
Denmark,DNK,1992,0.094,DEN,DEN1992,0.375
Denmark,DNK,1996,0.087,DEN,DEN1996,0.5517241379310345
Denmark,DNK,2000,0.075,DEN,DEN2000,0.45161290322580644
Denmark,DNK,2004,0.055,DEN,DEN2004,0.48695652173913045
Denmark,DNK,2008,0.056,DEN,DEN2008,0.2962962962962963
Denmark,DNK,2012,0.042,DEN,DEN2012,0.4899328859060403
Denmark,DNK,2016,0.034,DEN,DEN2016,0.42657342657342656
Dominican Republic,DOM,1992,0.572,DOM,DOM1992,0.0625
Dominican Republic,DOM,1996,0.55,DOM,DOM1996,0.25
Dominican Republic,DOM,2000,0.504,DOM,DOM2000,0.15384615384615385
Dominican Republic,DOM,2004,0.496,DOM,DOM2004,0.48484848484848486
Dominican Republic,DOM,2008,0.492,DOM,DOM2008,0.2962962962962963
Dominican Republic,DOM,2012,0.482,DOM,DOM2012,0.5833333333333334
Dominican Republic,DOM,2016,0.457,DOM,DOM2016,0.26666666666666666
Ecuador,ECU,1992,0.604,ECU,ECU1992,0.5333333333333333
Ecuador,ECU,1996,0.592,ECU,ECU1996,0.07142857142857142
Ecuador,ECU,2000,0.505,ECU,ECU2000,0.2727272727272727
Ecuador,ECU,2004,0.479,ECU,ECU2004,0.3333333333333333
Ecuador,ECU,2008,0.447,ECU,ECU2008,0.3076923076923077
Ecuador,ECU,2012,0.424,ECU,ECU2012,0.3611111111111111
Ecuador,ECU,2016,0.376,ECU,ECU2016,0.4
Egypt,EGY,1992,0.65,EGY,EGY1992,0.07228915662650602
Egypt,EGY,1996,0.633,EGY,EGY1996,0.12121212121212122
Egypt,EGY,2000,0.617,EGY,EGY2000,0.17475728155339806
Egypt,EGY,2004,0.57,EGY,EGY2004,0.15384615384615385
Egypt,EGY,2008,0.562,EGY,EGY2008,0.29310344827586204
Egypt,EGY,2012,0.579,EGY,EGY2012,0.3409090909090909
Egypt,EGY,2016,0.443,EGY,EGY2016,0.3357664233576642
El Salvador,SLV,1992,0.531,ESA,ESA1992,0.5
El Salvador,SLV,1996,0.526,ESA,ESA1996,0.3
El Salvador,SLV,2000,0.529,ESA,ESA2000,0.5
El Salvador,SLV,2004,0.498,ESA,ESA2004,0.7777777777777778
El Salvador,SLV,2008,0.443,ESA,ESA2008,0.7142857142857143
El Salvador,SLV,2012,0.404,ESA,ESA2012,0.5454545454545454
El Salvador,SLV,2016,0.377,ESA,ESA2016,0.3
Estonia,EST,1992,0.384,EST,EST1992,0.13043478260869565
Estonia,EST,1996,0.353,EST,EST1996,0.23076923076923078
Estonia,EST,2000,0.279,EST,EST2000,0.07317073170731707
Estonia,EST,2004,0.226,EST,EST2004,0.26666666666666666
Estonia,EST,2008,0.21,EST,EST2008,0.32075471698113206
Estonia,EST,2012,0.166,EST,EST2012,0.3055555555555556
Estonia,EST,2016,0.126,EST,EST2016,0.42857142857142855
Eswatini,SWZ,1996,0.615,SWZ,SWZ1996,0.16666666666666666
Eswatini,SWZ,2000,0.63,SWZ,SWZ2000,0.3333333333333333
Eswatini,SWZ,2004,0.587,SWZ,SWZ2004,0.3333333333333333
Eswatini,SWZ,2008,0.559,SWZ,SWZ2008,0.5
Eswatini,SWZ,2012,0.546,SWZ,SWZ2012,0.3333333333333333
Eswatini,SWZ,2016,0.557,SWZ,SWZ2016,0.5
Ethiopia,ETH,2004,0.687,ETH,ETH2004,0.4444444444444444
Ethiopia,ETH,2008,0.617,ETH,ETH2008,0.4827586206896552
Ethiopia,ETH,2012,0.581,ETH,ETH2012,0.47058823529411764
Ethiopia,ETH,2016,0.53,ETH,ETH2016,0.5526315789473685
Fiji,FJI,1992,0.51,FIJ,FIJ1992,0.25
Fiji,FJI,1996,0.489,FIJ,FIJ1996,0.14285714285714285
Fiji,FJI,2000,0.412,FIJ,FIJ2000,0.4444444444444444
Fiji,FJI,2004,0.438,FIJ,FIJ2004,0.4444444444444444
Fiji,FJI,2008,0.413,FIJ,FIJ2008,0.3333333333333333
Fiji,FJI,2012,0.397,FIJ,FIJ2012,0.3333333333333333
Fiji,FJI,2016,0.342,FIJ,FIJ2016,0.32075471698113206
Finland,FIN,1992,0.1,FIN,FIN1992,0.3076923076923077
Finland,FIN,1996,0.097,FIN,FIN1996,0.42857142857142855
Finland,FIN,2000,0.084,FIN,FIN2000,0.42045454545454547
Finland,FIN,2004,0.087,FIN,FIN2004,0.34328358208955223
Finland,FIN,2008,0.07,FIN,FIN2008,0.45714285714285713
Finland,FIN,2012,0.063,FIN,FIN2012,0.5362318840579711
Finland,FIN,2016,0.048,FIN,FIN2016,0.4925373134328358
France,FRA,1992,0.224,FRA,FRA1992,0.3395061728395062
France,FRA,1996,0.189,FRA,FRA1996,0.37527593818984545
France,FRA,2000,0.195,FRA,FRA2000,0.3702127659574468
France,FRA,2004,0.159,FRA,FRA2004,0.3796095444685466
France,FRA,2008,0.133,FRA,FRA2008,0.40625
France,FRA,2012,0.111,FRA,FRA2012,0.4295774647887324
France,FRA,2016,0.092,FRA,FRA2016,0.423828125
Gabon,GAB,1992,0.643,GAB,GAB1992,0.2
Gabon,GAB,1996,0.638,GAB,GAB1996,0.1111111111111111
Gabon,GAB,2000,0.625,GAB,GAB2000,0.3333333333333333
Gabon,GAB,2004,0.608,GAB,GAB2004,0.4
Gabon,GAB,2008,0.581,GAB,GAB2008,0.5
Gabon,GAB,2012,0.566,GAB,GAB2012,0.09523809523809523
Gabon,GAB,2016,0.555,GAB,GAB2016,0.3333333333333333
Gambia,GMB,1996,0.767,GAM,GAM1996,0.08333333333333333
Gambia,GMB,2000,0.753,GAM,GAM2000,0.5
Gambia,GMB,2004,0.658,GAM,GAM2004,0.3333333333333333
Gambia,GMB,2008,0.656,GAM,GAM2008,0.3333333333333333
Gambia,GMB,2012,0.653,GAM,GAM2012,0.5
Gambia,GMB,2016,0.621,GAM,GAM2016,0.25
Georgia,GEO,2000,0.389,GEO,GEO2000,0.2978723404255319
Georgia,GEO,2004,0.378,GEO,GEO2004,0.1794871794871795
Georgia,GEO,2008,0.426,GEO,GEO2008,0.23684210526315788
Georgia,GEO,2012,0.364,GEO,GEO2012,0.2222222222222222
Georgia,GEO,2016,0.326,GEO,GEO2016,0.3111111111111111
Germany,DEU,1992,0.162,GER,GER1992,0.3782542113323124
Germany,DEU,1996,0.14,GER,GER1996,0.3913738019169329
Germany,DEU,2000,0.133,GER,GER2000,0.41975308641975306
Germany,DEU,2004,0.107,GER,GER2004,0.41047297297297297
Germany,DEU,2008,0.103,GER,GER2008,0.4390681003584229
Germany,DEU,2012,0.087,GER,GER2012,0.45294117647058824
Germany,DEU,2016,0.085,GER,GER2016,0.458955223880597
Ghana,GHA,1992,0.635,GHA,GHA1992,0.0975609756097561
Ghana,GHA,1996,0.62,GHA,GHA1996,0.05
Ghana,GHA,2000,0.604,GHA,GHA2000,0.32142857142857145
Ghana,GHA,2004,0.576,GHA,GHA2004,0.10344827586206896
Ghana,GHA,2008,0.579,GHA,GHA2008,0.1111111111111111
Ghana,GHA,2012,0.571,GHA,GHA2012,0.2857142857142857
Ghana,GHA,2016,0.55,GHA,GHA2016,0.5333333333333333
Greece,GRC,1992,0.287,GRE,GRE1992,0.21052631578947367
Greece,GRC,1996,0.254,GRE,GRE1996,0.4388888888888889
Greece,GRC,2000,0.205,GRE,GRE2000,0.41714285714285715
Greece,GRC,2004,0.176,GRE,GRE2004,0.49298597194388777
Greece,GRC,2008,0.173,GRE,GRE2008,0.44886363636363635
Greece,GRC,2012,0.124,GRE,GRE2012,0.391304347826087
Greece,GRC,2016,0.124,GRE,GRE2016,0.3557692307692308
Guatemala,GTM,1992,0.597,GUA,GUA1992,0.17073170731707318
Guatemala,GTM,1996,0.571,GUA,GUA1996,0.03571428571428571
Guatemala,GTM,2000,0.584,GUA,GUA2000,0.05555555555555555
Guatemala,GTM,2004,0.574,GUA,GUA2004,0.42105263157894735
Guatemala,GTM,2008,0.548,GUA,GUA2008,0.3076923076923077
Guatemala,GTM,2012,0.539,GUA,GUA2012,0.4166666666666667
Guatemala,GTM,2016,0.513,GUA,GUA2016,0.4
Guinea,GIN,1992,0.697,GUI,GUI1992,0.18181818181818182
Guinea,GIN,1996,0.706,GUI,GUI1996,0.2
Guinea,GIN,2000,0.702,GUI,GUI2000,0.5
Guinea,GIN,2004,0.665,GUI,GUI2004,0.25
Guinea,GIN,2008,0.653,GUI,GUI2008,0.6
Guinea,GIN,2012,0.648,GUI,GUI2012,0.5
Guinea,GIN,2016,0.62,GUI,GUI2016,0.6
Guinea-Bissau,GNB,2008,0.667,GBS,GBS2008,0.3333333333333333
Guinea-Bissau,GNB,2012,0.641,GBS,GBS2012,0.5
Guinea-Bissau,GNB,2016,0.632,GBS,GBS2016,0.4
Guyana,GUY,2000,0.561,GUY,GUY2000,0.25
Guyana,GUY,2004,0.527,GUY,GUY2004,0.5
Guyana,GUY,2008,0.508,GUY,GUY2008,0.5
Guyana,GUY,2012,0.487,GUY,GUY2012,0.3333333333333333
Guyana,GUY,2016,0.471,GUY,GUY2016,0.5714285714285714
Haiti,HTI,2004,0.6,HAI,HAI2004,0.125
Haiti,HTI,2008,0.621,HAI,HAI2008,0.5714285714285714
Haiti,HTI,2012,0.636,HAI,HAI2012,0.4
Haiti,HTI,2016,0.774,HAI,HAI2016,0.3
Honduras,HND,2000,0.534,HON,HON2000,0.1
Honduras,HND,2004,0.549,HON,HON2004,0.4
Honduras,HND,2008,0.465,HON,HON2008,0.07692307692307693
Honduras,HND,2012,0.462,HON,HON2012,0.12
Honduras,HND,2016,0.423,HON,HON2016,0.043478260869565216
Hungary,HUN,1992,0.327,HUN,HUN1992,0.3162393162393162
Hungary,HUN,1996,0.3,HUN,HUN1996,0.38412698412698415
Hungary,HUN,2000,0.291,HUN,HUN2000,0.3949579831932773
Hungary,HUN,2004,0.267,HUN,HUN2004,0.437984496124031
Hungary,HUN,2008,0.241,HUN,HUN2008,0.47685185185185186
Hungary,HUN,2012,0.242,HUN,HUN2012,0.43781094527363185
Hungary,HUN,2016,0.252,HUN,HUN2016,0.4411764705882353
Iceland,ISL,1992,0.174,ISL,ISL1992,0.16129032258064516
Iceland,ISL,1996,0.156,ISL,ISL1996,0.26666666666666666
Iceland,ISL,2000,0.141,ISL,ISL2000,0.41379310344827586
Iceland,ISL,2004,0.115,ISL,ISL2004,0.17647058823529413
Iceland,ISL,2008,0.112,ISL,ISL2008,0.2903225806451613
Iceland,ISL,2012,0.085,ISL,ISL2012,0.3333333333333333
Iceland,ISL,2016,0.053,ISL,ISL2016,0.7142857142857143
India,IND,1992,0.709,IND,IND1992,0.11475409836065574
India,IND,1996,0.694,IND,IND1996,0.16666666666666666
India,IND,2000,0.664,IND,IND2000,0.32857142857142857
India,IND,2004,0.636,IND,IND2004,0.37037037037037035
India,IND,2008,0.606,IND,IND2008,0.43283582089552236
India,IND,2012,0.571,IND,IND2012,0.30526315789473685
India,IND,2016,0.516,IND,IND2016,0.47692307692307695
Indonesia,IDN,1992,0.586,INA,INA1992,0.4117647058823529
Indonesia,IDN,1996,0.566,INA,INA1996,0.4666666666666667
Indonesia,IDN,2000,0.57,INA,INA2000,0.3888888888888889
Indonesia,IDN,2004,0.547,INA,INA2004,0.4358974358974359
Indonesia,IDN,2008,0.53,INA,INA2008,0.4230769230769231
Indonesia,IDN,2012,0.491,INA,INA2012,0.4090909090909091
Indonesia,IDN,2016,0.469,INA,INA2016,0.3548387096774194
Iran,IRN,1996,0.629,IRI,IRI1996,0.05555555555555555
Iran,IRN,2000,0.583,IRI,IRI2000,0.029411764705882353
Iran,IRN,2004,0.524,IRI,IRI2004,0.02702702702702703
Iran,IRN,2008,0.541,IRI,IRI2008,0.05454545454545454
Iran,IRN,2012,0.514,IRI,IRI2012,0.19298245614035087
Iran,IRN,2016,0.457,IRI,IRI2016,0.16417910447761194
Iraq,IRQ,2000,0.654,IRQ,IRQ2000,0.5
Iraq,IRQ,2004,0.665,IRQ,IRQ2004,0.041666666666666664
Iraq,IRQ,2008,0.583,IRQ,IRQ2008,0.25
Iraq,IRQ,2012,0.569,IRQ,IRQ2012,0.375
Ireland,IRL,1992,0.209,IRL,IRL1992,0.19480519480519481
Ireland,IRL,1996,0.195,IRL,IRL1996,0.2222222222222222
Ireland,IRL,2000,0.202,IRL,IRL2000,0.40789473684210525
Ireland,IRL,2004,0.188,IRL,IRL2004,0.32727272727272727
Ireland,IRL,2008,0.174,IRL,IRL2008,0.30158730158730157
Ireland,IRL,2012,0.134,IRL,IRL2012,0.4473684210526316
Ireland,IRL,2016,0.092,IRL,IRL2016,0.3333333333333333
Israel,ISR,1992,0.255,ISR,ISR1992,0.20454545454545456
Israel,ISR,1996,0.24,ISR,ISR1996,0.2631578947368421
Israel,ISR,2000,0.193,ISR,ISR2000,0.22413793103448276
Israel,ISR,2004,0.171,ISR,ISR2004,0.41304347826086957
Israel,ISR,2008,0.17,ISR,ISR2008,0.4166666666666667
Israel,ISR,2012,0.131,ISR,ISR2012,0.4107142857142857
Israel,ISR,2016,0.101,ISR,ISR2016,0.5254237288135594
Italy,ITA,1992,0.205,ITA,ITA1992,0.2482598607888631
Italy,ITA,1996,0.191,ITA,ITA1996,0.2956521739130435
Italy,ITA,2000,0.186,ITA,ITA2000,0.350109409190372
Italy,ITA,2004,0.177,ITA,ITA2004,0.35864978902953587
Italy,ITA,2008,0.127,ITA,ITA2008,0.39869281045751637
Italy,ITA,2012,0.115,ITA,ITA2012,0.44502617801047123
Italy,ITA,2016,0.075,ITA,ITA2016,0.46616541353383456
Jamaica,JAM,1992,0.471,JAM,JAM1992,0.47058823529411764
Jamaica,JAM,1996,0.461,JAM,JAM1996,0.463768115942029
Jamaica,JAM,2000,0.434,JAM,JAM2000,0.5538461538461539
Jamaica,JAM,2004,0.44,JAM,JAM2004,0.5645161290322581
Jamaica,JAM,2008,0.424,JAM,JAM2008,0.5454545454545454
Jamaica,JAM,2012,0.409,JAM,JAM2012,0.532258064516129
Jamaica,JAM,2016,0.379,JAM,JAM2016,0.5584415584415584
Japan,JPN,1992,0.164,JPN,JPN1992,0.32142857142857145
Japan,JPN,1996,0.155,JPN,JPN1996,0.484375
Japan,JPN,2000,0.147,JPN,JPN2000,0.3774104683195592
Japan,JPN,2004,0.155,JPN,JPN2004,0.4927536231884058
Japan,JPN,2008,0.128,JPN,JPN2008,0.49015317286652077
Japan,JPN,2012,0.124,JPN,JPN2012,0.5012531328320802
Japan,JPN,2016,0.102,JPN,JPN2016,0.4793577981651376
Jordan,JOR,1992,0.656,JOR,JOR1992,0.2
Jordan,JOR,1996,0.637,JOR,JOR1996,0.4
Jordan,JOR,2000,0.593,JOR,JOR2000,0.5
Jordan,JOR,2004,0.517,JOR,JOR2004,0.5
Jordan,JOR,2008,0.503,JOR,JOR2008,0.5714285714285714
Jordan,JOR,2012,0.479,JOR,JOR2012,0.4444444444444444
Jordan,JOR,2016,0.442,JOR,JOR2016,0.125
Kazakhstan,KAZ,1996,0.427,KAZ,KAZ1996,0.2535211267605634
Kazakhstan,KAZ,2000,0.377,KAZ,KAZ2000,0.33544303797468356
Kazakhstan,KAZ,2004,0.347,KAZ,KAZ2004,0.36153846153846153
Kazakhstan,KAZ,2008,0.31,KAZ,KAZ2008,0.5068493150684932
Kazakhstan,KAZ,2012,0.248,KAZ,KAZ2012,0.3560606060606061
Kazakhstan,KAZ,2016,0.19,KAZ,KAZ2016,0.4634146341463415
Kenya,KEN,1992,0.711,KEN,KEN1992,0.16363636363636364
Kenya,KEN,1996,0.704,KEN,KEN1996,0.18518518518518517
Kenya,KEN,2000,0.69,KEN,KEN2000,0.3898305084745763
Kenya,KEN,2004,0.652,KEN,KEN2004,0.5217391304347826
Kenya,KEN,2008,0.613,KEN,KEN2008,0.3829787234042553
Kenya,KEN,2012,0.581,KEN,KEN2012,0.43137254901960786
Kenya,KEN,2016,0.527,KEN,KEN2016,0.425
Kuwait,KWT,2004,0.552,KUW,KUW2004,0.09090909090909091
Kuwait,KWT,2012,0.232,KUW,KUW2012,0.25
Kyrgyzstan,KGZ,1996,0.512,KGZ,KGZ1996,0.18867924528301888
Kyrgyzstan,KGZ,2000,0.451,KGZ,KGZ2000,0.28169014084507044
Kyrgyzstan,KGZ,2004,0.429,KGZ,KGZ2004,0.21875
Kyrgyzstan,KGZ,2008,0.36,KGZ,KGZ2008,0.18181818181818182
Kyrgyzstan,KGZ,2012,0.388,KGZ,KGZ2012,0.2
Kyrgyzstan,KGZ,2016,0.385,KGZ,KGZ2016,0.3684210526315789
Laos,LAO,2000,0.587,LAO,LAO2000,0.3333333333333333
Laos,LAO,2004,0.56,LAO,LAO2004,0.4
Laos,LAO,2008,0.536,LAO,LAO2008,0.5
Laos,LAO,2012,0.509,LAO,LAO2012,0.3333333333333333
Laos,LAO,2016,0.477,LAO,LAO2016,0.4
Latvia,LVA,1992,0.413,LAT,LAT1992,0.275
Latvia,LVA,1996,0.363,LAT,LAT1996,0.3090909090909091
Latvia,LVA,2000,0.275,LAT,LAT2000,0.2833333333333333
Latvia,LVA,2004,0.253,LAT,LAT2004,0.24444444444444444
Latvia,LVA,2008,0.261,LAT,LAT2008,0.33962264150943394
Latvia,LVA,2012,0.22,LAT,LAT2012,0.28
Latvia,LVA,2016,0.225,LAT,LAT2016,0.3939393939393939
Lebanon,LBN,2008,0.42,LIB,LIB2008,0.3333333333333333
Lebanon,LBN,2012,0.453,LIB,LIB2012,0.7
Lebanon,LBN,2016,0.464,LIB,LIB2016,0.5555555555555556
Lesotho,LSO,1992,0.587,LES,LES1992,0.25
Lesotho,LSO,1996,0.583,LES,LES1996,0.45454545454545453
Lesotho,LSO,2000,0.585,LES,LES2000,0.3333333333333333
Lesotho,LSO,2004,0.574,LES,LES2004,0.6666666666666666
Lesotho,LSO,2008,0.559,LES,LES2008,0.2
Lesotho,LSO,2012,0.554,LES,LES2012,0.5
Lesotho,LSO,2016,0.558,LES,LES2016,0.1111111111111111
Liberia,LBR,2000,0.685,LBR,LBR2000,0.2
Liberia,LBR,2004,0.71,LBR,LBR2004,0.5
Liberia,LBR,2008,0.662,LBR,LBR2008,0.5
Liberia,LBR,2012,0.66,LBR,LBR2012,0.6666666666666666
Liberia,LBR,2016,0.655,LBR,LBR2016,0.3333333333333333
Libya,LBY,2008,0.276,LBA,LBA2008,0.3333333333333333
Libya,LBY,2012,0.243,LBA,LBA2012,0.25
Libya,LBY,2016,0.268,LBA,LBA2016,0.14285714285714285
Lithuania,LTU,1992,0.331,LTU,LTU1992,0.2222222222222222
Lithuania,LTU,1996,0.303,LTU,LTU1996,0.2716049382716049
Lithuania,LTU,2000,0.263,LTU,LTU2000,0.38961038961038963
Lithuania,LTU,2004,0.186,LTU,LTU2004,0.21428571428571427
Lithuania,LTU,2008,0.195,LTU,LTU2008,0.4230769230769231
Lithuania,LTU,2012,0.138,LTU,LTU2012,0.4166666666666667
Lithuania,LTU,2016,0.138,LTU,LTU2016,0.25
Luxembourg,LUX,1992,0.19,LUX,LUX1992,0.125
Luxembourg,LUX,1996,0.17,LUX,LUX1996,0.5714285714285714
Luxembourg,LUX,2000,0.17,LUX,LUX2000,0.7777777777777778
Luxembourg,LUX,2004,0.137,LUX,LUX2004,0.5
Luxembourg,LUX,2008,0.111,LUX,LUX2008,0.21052631578947367
Luxembourg,LUX,2012,0.093,LUX,LUX2012,0.36363636363636365
Luxembourg,LUX,2016,0.063,LUX,LUX2016,0.4666666666666667
Madagascar,MDG,1996,0.673,MAD,MAD1996,0.7142857142857143
Madagascar,MDG,2000,0.637,MAD,MAD2000,0.6153846153846154
Madagascar,MDG,2004,0.632,MAD,MAD2004,0.625
Madagascar,MDG,2008,0.62,MAD,MAD2008,0.3333333333333333
Madagascar,MDG,2012,0.582,MAD,MAD2012,0.5714285714285714
Madagascar,MDG,2016,0.556,MAD,MAD2016,0.6666666666666666
Malawi,MWI,1992,0.714,MAW,MAW1992,0.25
Malawi,MWI,2000,0.681,MAW,MAW2000,0.5
Malawi,MWI,2004,0.653,MAW,MAW2004,0.5
Malawi,MWI,2008,0.63,MAW,MAW2008,0.5
Malawi,MWI,2012,0.585,MAW,MAW2012,0.6666666666666666
Malawi,MWI,2016,0.58,MAW,MAW2016,0.4
Malaysia,MYS,1996,0.343,MAS,MAS1996,0.06976744186046512
Malaysia,MYS,2000,0.289,MAS,MAS2000,0.23636363636363636
Malaysia,MYS,2004,0.289,MAS,MAS2004,0.2894736842105263
Malaysia,MYS,2008,0.275,MAS,MAS2008,0.38095238095238093
Malaysia,MYS,2012,0.275,MAS,MAS2012,0.42105263157894735
Malaysia,MYS,2016,0.25,MAS,MAS2016,0.4523809523809524
Maldives,MDV,1992,0.677,MDV,MDV1992,0.1
Maldives,MDV,1996,0.597,MDV,MDV1996,0.1111111111111111
Maldives,MDV,2000,0.499,MDV,MDV2000,0.5
Maldives,MDV,2004,0.444,MDV,MDV2004,0.5
Maldives,MDV,2008,0.37,MDV,MDV2008,0.5
Maldives,MDV,2012,0.384,MDV,MDV2012,0.4
Maldives,MDV,2016,0.355,MDV,MDV2016,0.5
Mali,MLI,1992,0.674,MLI,MLI1992,0.3333333333333333
Mali,MLI,1996,0.671,MLI,MLI1996,0.5
Mali,MLI,2000,0.67,MLI,MLI2000,0.4
Mali,MLI,2004,0.667,MLI,MLI2004,0.09523809523809523
Mali,MLI,2008,0.652,MLI,MLI2008,0.8235294117647058
Mali,MLI,2012,0.669,MLI,MLI2012,0.3333333333333333
Mali,MLI,2016,0.677,MLI,MLI2016,0.3333333333333333
Malta,MLT,1992,0.33,MLT,MLT1992,0.625
Malta,MLT,1996,0.322,MLT,MLT1996,0.5
Malta,MLT,2000,0.299,MLT,MLT2000,0.42857142857142855
Malta,MLT,2004,0.297,MLT,MLT2004,0.42857142857142855
Malta,MLT,2008,0.271,MLT,MLT2008,0.5
Malta,MLT,2012,0.244,MLT,MLT2012,0.4
Malta,MLT,2016,0.19,MLT,MLT2016,0.5
Mauritania,MRT,2000,0.744,MTN,MTN2000,0.5
Mauritania,MRT,2004,0.726,MTN,MTN2004,0.5
Mauritania,MRT,2008,0.66,MTN,MTN2008,0.5
Mauritania,MRT,2012,0.651,MTN,MTN2012,0.5
Mauritania,MRT,2016,0.633,MTN,MTN2016,0.5
Mauritius,MUS,1992,0.513,MRI,MRI1992,0.5454545454545454
Mauritius,MUS,1996,0.474,MRI,MRI1996,0.25
Mauritius,MUS,2000,0.486,MRI,MRI2000,0.23076923076923078
Mauritius,MUS,2004,0.471,MRI,MRI2004,0.3333333333333333
Mauritius,MUS,2008,0.387,MRI,MRI2008,0.45454545454545453
Mauritius,MUS,2012,0.379,MRI,MRI2012,0.6363636363636364
Mauritius,MUS,2016,0.391,MRI,MRI2016,0.5454545454545454
Mexico,MEX,1992,0.493,MEX,MEX1992,0.2714285714285714
Mexico,MEX,1996,0.477,MEX,MEX1996,0.27927927927927926
Mexico,MEX,2000,0.46,MEX,MEX2000,0.3469387755102041
Mexico,MEX,2004,0.436,MEX,MEX2004,0.48905109489051096
Mexico,MEX,2008,0.421,MEX,MEX2008,0.49514563106796117
Mexico,MEX,2012,0.377,MEX,MEX2012,0.37815126050420167
Mexico,MEX,2016,0.341,MEX,MEX2016,0.4028776978417266
Moldova,MDA,1996,0.477,MDA,MDA1996,0.1
Moldova,MDA,2000,0.396,MDA,MDA2000,0.14285714285714285
Moldova,MDA,2004,0.305,MDA,MDA2004,0.21212121212121213
Moldova,MDA,2008,0.273,MDA,MDA2008,0.26666666666666666
Moldova,MDA,2012,0.255,MDA,MDA2012,0.4
Moldova,MDA,2016,0.257,MDA,MDA2016,0.391304347826087
Mongolia,MNG,1992,0.508,MGL,MGL1992,0.21052631578947367
Mongolia,MNG,1996,0.486,MGL,MGL1996,0.3333333333333333
Mongolia,MNG,2000,0.435,MGL,MGL2000,0.4782608695652174
Mongolia,MNG,2004,0.401,MGL,MGL2004,0.38095238095238093
Mongolia,MNG,2008,0.421,MGL,MGL2008,0.5483870967741935
Mongolia,MNG,2012,0.344,MGL,MGL2012,0.4375
Mongolia,MNG,2016,0.33,MGL,MGL2016,0.43478260869565216
Montenegro,MNE,2008,0.221,MNE,MNE2008,0.1
Montenegro,MNE,2012,0.163,MNE,MNE2012,0.4411764705882353
Montenegro,MNE,2016,0.126,MNE,MNE2016,0.5142857142857142
Morocco,MAR,1992,0.735,MAR,MAR1992,0.022222222222222223
Morocco,MAR,1996,0.719,MAR,MAR1996,0.15789473684210525
Morocco,MAR,2000,0.7,MAR,MAR2000,0.16363636363636364
Morocco,MAR,2004,0.565,MAR,MAR2004,0.15789473684210525
Morocco,MAR,2008,0.538,MAR,MAR2008,0.24489795918367346
Morocco,MAR,2012,0.489,MAR,MAR2012,0.2835820895522388
Morocco,MAR,2016,0.44,MAR,MAR2016,0.40384615384615385
Mozambique,MOZ,1992,0.621,MOZ,MOZ1992,0.5714285714285714
Mozambique,MOZ,1996,0.62,MOZ,MOZ1996,0.3333333333333333
Mozambique,MOZ,2000,0.6,MOZ,MOZ2000,0.5
Mozambique,MOZ,2004,0.582,MOZ,MOZ2004,0.5
Mozambique,MOZ,2008,0.569,MOZ,MOZ2008,0.5
Mozambique,MOZ,2012,0.558,MOZ,MOZ2012,0.3333333333333333
Mozambique,MOZ,2016,0.541,MOZ,MOZ2016,0.125
Myanmar,MMR,2012,0.548,MYA,MYA2012,0.5
Myanmar,MMR,2016,0.51,MYA,MYA2016,0.375
Namibia,NAM,1992,0.548,NAM,NAM1992,0.3
Namibia,NAM,1996,0.546,NAM,NAM1996,0.3
Namibia,NAM,2000,0.542,NAM,NAM2000,0.375
Namibia,NAM,2004,0.52,NAM,NAM2004,0.1
Namibia,NAM,2008,0.5,NAM,NAM2008,0.45454545454545453
Namibia,NAM,2012,0.492,NAM,NAM2012,0.4444444444444444
Namibia,NAM,2016,0.454,NAM,NAM2016,0.5454545454545454
Nepal,NPL,1992,0.718,NEP,NEP1992,0.5
Nepal,NPL,1996,0.705,NEP,NEP1996,0.5
Nepal,NPL,2000,0.663,NEP,NEP2000,0.6
Nepal,NPL,2004,0.651,NEP,NEP2004,0.5
Nepal,NPL,2008,0.532,NEP,NEP2008,0.5
Nepal,NPL,2012,0.505,NEP,NEP2012,0.6
Nepal,NPL,2016,0.479,NEP,NEP2016,0.5714285714285714
Netherlands,NLD,1992,0.114,NED,NED1992,0.47470817120622566
Netherlands,NLD,1996,0.097,NED,NED1996,0.4413793103448276
Netherlands,NLD,2000,0.1,NED,NED2000,0.3824561403508772
Netherlands,NLD,2004,0.075,NED,NED2004,0.3977272727272727
Netherlands,NLD,2008,0.053,NED,NED2008,0.43462897526501765
Netherlands,NLD,2012,0.046,NED,NED2012,0.47297297297297297
Netherlands,NLD,2016,0.03,NED,NED2016,0.5349544072948328
New Zealand,NZL,1992,0.225,NZL,NZL1992,0.2742857142857143
New Zealand,NZL,1996,0.22,NZL,NZL1996,0.3488372093023256
New Zealand,NZL,2000,0.188,NZL,NZL2000,0.4745762711864407
New Zealand,NZL,2004,0.18,NZL,NZL2004,0.44565217391304346
New Zealand,NZL,2008,0.175,NZL,NZL2008,0.4427860696517413
New Zealand,NZL,2012,0.155,NZL,NZL2012,0.46078431372549017
New Zealand,NZL,2016,0.126,NZL,NZL2016,0.49137931034482757
Nicaragua,NIC,1992,0.629,NCA,NCA1992,0.2222222222222222
Nicaragua,NIC,1996,0.612,NCA,NCA1996,0.03571428571428571
Nicaragua,NIC,2000,0.592,NCA,NCA2000,0.3333333333333333
Nicaragua,NIC,2004,0.532,NCA,NCA2004,0.6666666666666666
Nicaragua,NIC,2008,0.511,NCA,NCA2008,0.42857142857142855
Nicaragua,NIC,2012,0.455,NCA,NCA2012,0.5
Nicaragua,NIC,2016,0.434,NCA,NCA2016,0.4
Niger,NER,1996,0.796,NIG,NIG1996,0.3333333333333333
Niger,NER,2000,0.792,NIG,NIG2000,0.5
Niger,NER,2004,0.699,NIG,NIG2004,0.25
Niger,NER,2008,0.69,NIG,NIG2008,0.5
Niger,NER,2012,0.669,NIG,NIG2012,0.3333333333333333
Niger,NER,2016,0.648,NIG,NIG2016,0.3333333333333333
Nigeria,NGA,2004,0.702,NGR,NGR2004,0.6329113924050633
Nigeria,NGA,2008,0.674,NGR,NGR2008,0.5280898876404494
Nigeria,NGA,2012,0.677,NGR,NGR2012,0.4827586206896552
Nigeria,NGA,2016,0.672,NGR,NGR2016,0.36363636363636365
North Macedonia,MKD,1996,0.414,MKD,MKD1996,0.375
North Macedonia,MKD,2000,0.333,MKD,MKD2000,0.5333333333333333
North Macedonia,MKD,2004,0.221,MKD,MKD2004,0.42857142857142855
North Macedonia,MKD,2008,0.173,MKD,MKD2008,0.2857142857142857
North Macedonia,MKD,2012,0.165,MKD,MKD2012,0.5
North Macedonia,MKD,2016,0.155,MKD,MKD2016,0.6666666666666666
Norway,NOR,1992,0.127,NOR,NOR1992,0.3684210526315789
Norway,NOR,1996,0.11,NOR,NOR1996,0.5344827586206896
Norway,NOR,2000,0.1,NOR,NOR2000,0.46956521739130436
Norway,NOR,2004,0.071,NOR,NOR2004,0.3
Norway,NOR,2008,0.081,NOR,NOR2008,0.5784313725490197
Norway,NOR,2012,0.054,NOR,NOR2012,0.463768115942029
Norway,NOR,2016,0.033,NOR,NOR2016,0.4805194805194805
Oman,OMN,2008,0.327,OMA,OMA2008,0.25
Oman,OMN,2012,0.328,OMA,OMA2012,0.3333333333333333
Oman,OMN,2016,0.334,OMA,OMA2016,0.5
Pakistan,PAK,1996,0.779,PAK,PAK1996,0.041666666666666664
Pakistan,PAK,2000,0.764,PAK,PAK2000,0.037037037037037035
Pakistan,PAK,2004,0.642,PAK,PAK2004,0.07692307692307693
Pakistan,PAK,2008,0.602,PAK,PAK2008,0.09090909090909091
Pakistan,PAK,2012,0.563,PAK,PAK2012,0.09523809523809523
Pakistan,PAK,2016,0.545,PAK,PAK2016,0.42857142857142855
Panama,PAN,1996,0.516,PAN,PAN1996,0.2222222222222222
Panama,PAN,2000,0.513,PAN,PAN2000,0.42857142857142855
Panama,PAN,2004,0.479,PAN,PAN2004,0.4
Panama,PAN,2008,0.475,PAN,PAN2008,0.4
Panama,PAN,2012,0.503,PAN,PAN2012,0.25
Panama,PAN,2016,0.425,PAN,PAN2016,0.6428571428571429
Papua New Guinea,PNG,1992,0.665,PNG,PNG1992,0.15789473684210525
Papua New Guinea,PNG,2000,0.654,PNG,PNG2000,0.6
Papua New Guinea,PNG,2004,0.676,PNG,PNG2004,0.3333333333333333
Papua New Guinea,PNG,2008,0.659,PNG,PNG2008,0.4444444444444444
Papua New Guinea,PNG,2012,0.595,PNG,PNG2012,0.5
Papua New Guinea,PNG,2016,0.576,PNG,PNG2016,0.25
Paraguay,PRY,1992,0.602,PAR,PAR1992,0.0967741935483871
Paraguay,PRY,1996,0.583,PAR,PAR1996,0.14285714285714285
Paraguay,PRY,2000,0.553,PAR,PAR2000,0.6
Paraguay,PRY,2004,0.526,PAR,PAR2004,0.09090909090909091
Paraguay,PRY,2008,0.497,PAR,PAR2008,0.5714285714285714
Paraguay,PRY,2012,0.473,PAR,PAR2012,0.4
Paraguay,PRY,2016,0.455,PAR,PAR2016,0.45454545454545453
Peru,PER,1992,0.566,PER,PER1992,0.2857142857142857
Peru,PER,1996,0.538,PER,PER1996,0.5151515151515151
Peru,PER,2000,0.518,PER,PER2000,0.5909090909090909
Peru,PER,2004,0.463,PER,PER2004,0.35714285714285715
Peru,PER,2008,0.428,PER,PER2008,0.46153846153846156
Peru,PER,2012,0.433,PER,PER2012,0.4375
Peru,PER,2016,0.408,PER,PER2016,0.4411764705882353
Philippines,PHL,1992,0.515,PHI,PHI1992,0.13157894736842105
Philippines,PHL,1996,0.499,PHI,PHI1996,0.3888888888888889
Philippines,PHL,2000,0.497,PHI,PHI2000,0.45454545454545453
Philippines,PHL,2004,0.479,PHI,PHI2004,0.23809523809523808
Philippines,PHL,2008,0.466,PHI,PHI2008,0.35294117647058826
Philippines,PHL,2012,0.455,PHI,PHI2012,0.36363636363636365
Philippines,PHL,2016,0.422,PHI,PHI2016,0.46153846153846156
Poland,POL,1992,0.264,POL,POL1992,0.2737642585551331
Poland,POL,1996,0.217,POL,POL1996,0.2560386473429952
Poland,POL,2000,0.194,POL,POL2000,0.32916666666666666
Poland,POL,2004,0.153,POL,POL2004,0.32142857142857145
Poland,POL,2008,0.173,POL,POL2008,0.4272151898734177
Poland,POL,2012,0.152,POL,POL2012,0.43359375
Poland,POL,2016,0.132,POL,POL2016,0.43252595155709345
Portugal,PRT,1992,0.241,POR,POR1992,0.25217391304347825
Portugal,PRT,1996,0.223,POR,POR1996,0.29770992366412213
Portugal,PRT,2000,0.195,POR,POR2000,0.203125
Portugal,PRT,2004,0.177,POR,POR2004,0.1935483870967742
Portugal,PRT,2008,0.134,POR,POR2008,0.3333333333333333
Portugal,PRT,2012,0.112,POR,POR2012,0.42857142857142855
Portugal,PRT,2016,0.078,POR,POR2016,0.32075471698113206
Qatar,QAT,2012,0.542,QAT,QAT2012,0.35714285714285715
Qatar,QAT,2016,0.515,QAT,QAT2016,0.047619047619047616
Romania,ROU,1992,0.496,ROU,ROU1992,0.4477124183006536
Romania,ROU,1996,0.469,ROU,ROU1996,0.43309859154929575
Romania,ROU,2000,0.434,ROU,ROU2000,0.5079365079365079
Romania,ROU,2004,0.363,ROU,ROU2004,0.5077720207253886
Romania,ROU,2008,0.368,ROU,ROU2008,0.5116279069767442
Romania,ROU,2012,0.326,ROU,ROU2012,0.47096774193548385
Romania,ROU,2016,0.32,ROU,ROU2016,0.6198347107438017
Russia,RUS,1996,0.434,RUS,RUS1996,0.4221014492753623
Russia,RUS,2000,0.403,RUS,RUS2000,0.446843853820598
Russia,RUS,2004,0.368,RUS,RUS2004,0.4468802698145025
Russia,RUS,2008,0.325,RUS,RUS2008,0.475
Russia,RUS,2012,0.292,RUS,RUS2012,0.5154826958105647
Russia,RUS,2016,0.247,RUS,RUS2016,0.5
Rwanda,RWA,1992,0.602,RWA,RWA1992,0.3
Rwanda,RWA,2000,0.563,RWA,RWA2000,0.4
Rwanda,RWA,2004,0.502,RWA,RWA2004,0.4
Rwanda,RWA,2008,0.456,RWA,RWA2008,0.5
Rwanda,RWA,2012,0.436,RWA,RWA2012,0.2857142857142857
Rwanda,RWA,2016,0.4,RWA,RWA2016,0.42857142857142855
Saint Lucia,LCA,1996,0.457,LCA,LCA1996,0.125
Saint Lucia,LCA,2000,0.437,LCA,LCA2000,0.4
Saint Lucia,LCA,2004,0.402,LCA,LCA2004,0.5
Saint Lucia,LCA,2008,0.396,LCA,LCA2008,0.75
Saint Lucia,LCA,2012,0.401,LCA,LCA2012,0.75
Saint Lucia,LCA,2016,0.395,LCA,LCA2016,0.6
Samoa,WSM,2012,0.482,SAM,SAM2012,0.3333333333333333
Samoa,WSM,2016,0.409,SAM,SAM2016,0.4444444444444444
Sao Tome and Principe,STP,1996,0.62,STP,STP1996,0.5
Sao Tome and Principe,STP,2000,0.601,STP,STP2000,0.5
Sao Tome and Principe,STP,2004,0.596,STP,STP2004,0.5
Sao Tome and Principe,STP,2008,0.598,STP,STP2008,0.25
Sao Tome and Principe,STP,2012,0.541,STP,STP2012,0.5
Sao Tome and Principe,STP,2016,0.523,STP,STP2016,0.3333333333333333
Saudi Arabia,SAU,2012,0.642,KSA,KSA2012,0.08695652173913043
Saudi Arabia,SAU,2016,0.287,KSA,KSA2016,0.2727272727272727
Senegal,SEN,1992,0.675,SEN,SEN1992,0.08
Senegal,SEN,2000,0.659,SEN,SEN2000,0.71875
Senegal,SEN,2004,0.636,SEN,SEN2004,0.6190476190476191
Senegal,SEN,2008,0.601,SEN,SEN2008,0.4117647058823529
Senegal,SEN,2012,0.551,SEN,SEN2012,0.21875
Senegal,SEN,2016,0.533,SEN,SEN2016,0.7272727272727273
Serbia,SRB,2008,0.196,SRB,SRB2008,0.27835051546391754
Serbia,SRB,2012,0.166,SRB,SRB2012,0.31343283582089554
Serbia,SRB,2016,0.145,SRB,SRB2016,0.44881889763779526
Sierra Leone,SLE,2000,0.691,SLE,SLE2000,0.3333333333333333
Sierra Leone,SLE,2004,0.665,SLE,SLE2004,0.5
Sierra Leone,SLE,2008,0.662,SLE,SLE2008,0.3333333333333333
Sierra Leone,SLE,2012,0.655,SLE,SLE2012,0.5
Sierra Leone,SLE,2016,0.643,SLE,SLE2016,0.5
Singapore,SGP,1992,0.24,SGP,SGP1992,0.3783783783783784
Singapore,SGP,1996,0.237,SGP,SGP1996,0.2857142857142857
Singapore,SGP,2000,0.264,SGP,SGP2000,0.5652173913043478
Singapore,SGP,2004,0.155,SGP,SGP2004,0.6818181818181818
Singapore,SGP,2008,0.099,SGP,SGP2008,0.6388888888888888
Singapore,SGP,2012,0.078,SGP,SGP2012,0.6666666666666666
Singapore,SGP,2016,0.048,SGP,SGP2016,0.625
Slovakia,SVK,1996,0.235,SVK,SVK1996,0.2755102040816326
Slovakia,SVK,2000,0.215,SVK,SVK2000,0.2727272727272727
Slovakia,SVK,2004,0.191,SVK,SVK2004,0.30952380952380953
Slovakia,SVK,2008,0.184,SVK,SVK2008,0.417910447761194
Slovakia,SVK,2012,0.186,SVK,SVK2012,0.46153846153846156
Slovakia,SVK,2016,0.192,SVK,SVK2016,0.38095238095238093
Slovenia,SVN,1992,0.273,SLO,SLO1992,0.14893617021276595
Slovenia,SVN,1996,0.223,SLO,SLO1996,0.2978723404255319
Slovenia,SVN,2000,0.189,SLO,SLO2000,0.28888888888888886
Slovenia,SVN,2004,0.129,SLO,SLO2004,0.3431372549019608
Slovenia,SVN,2008,0.135,SLO,SLO2008,0.3698630136986301
Slovenia,SVN,2012,0.07,SLO,SLO2012,0.6153846153846154
Slovenia,SVN,2016,0.057,SLO,SLO2016,0.4142857142857143
South Africa,ZAF,1992,0.496,RSA,RSA1992,0.3191489361702128
South Africa,ZAF,1996,0.472,RSA,RSA1996,0.3333333333333333
South Africa,ZAF,2000,0.459,RSA,RSA2000,0.30434782608695654
South Africa,ZAF,2004,0.459,RSA,RSA2004,0.3828125
South Africa,ZAF,2008,0.463,RSA,RSA2008,0.44692737430167595
South Africa,ZAF,2012,0.432,RSA,RSA2012,0.4206896551724138
South Africa,ZAF,2016,0.418,RSA,RSA2016,0.2967741935483871
South Korea,KOR,1992,0.28,KOR,KOR1992,0.2919254658385093
South Korea,KOR,1996,0.244,KOR,KOR1996,0.34772182254196643
South Korea,KOR,2000,0.17,KOR,KOR2000,0.35376044568245124
South Korea,KOR,2004,0.097,KOR,KOR2004,0.40988372093023256
South Korea,KOR,2008,0.114,KOR,KOR2008,0.3677811550151976
South Korea,KOR,2012,0.108,KOR,KOR2012,0.4358974358974359
South Korea,KOR,2016,0.086,KOR,KOR2016,0.44866920152091255
South Sudan,SSD,2016,0.598,SSD,SSD2016,0.3333333333333333
Spain,ESP,1992,0.17,ESP,ESP1992,0.329608938547486
Spain,ESP,1996,0.141,ESP,ESP1996,0.3854166666666667
Spain,ESP,2000,0.129,ESP,ESP2000,0.3433874709976798
Spain,ESP,2004,0.123,ESP,ESP2004,0.43498817966903075
Spain,ESP,2008,0.122,ESP,ESP2008,0.4112676056338028
Spain,ESP,2012,0.089,ESP,ESP2012,0.40117994100294985
Spain,ESP,2016,0.07,ESP,ESP2016,0.4738292011019284
Sri Lanka,LKA,1992,0.477,SRI,SRI1992,0.5
Sri Lanka,LKA,1996,0.468,SRI,SRI1996,0.5454545454545454
Sri Lanka,LKA,2000,0.462,SRI,SRI2000,0.5416666666666666
Sri Lanka,LKA,2004,0.445,SRI,SRI2004,0.5
Sri Lanka,LKA,2008,0.411,SRI,SRI2008,0.4444444444444444
Sri Lanka,LKA,2012,0.409,SRI,SRI2012,0.375
Sri Lanka,LKA,2016,0.376,SRI,SRI2016,0.2
Sudan,SDN,2000,0.709,SUD,SUD2000,0.3333333333333333
Sudan,SDN,2004,0.671,SUD,SUD2004,0.25
Sudan,SDN,2008,0.633,SUD,SUD2008,0.4444444444444444
Sudan,SDN,2012,0.598,SUD,SUD2012,0.3333333333333333
Sudan,SDN,2016,0.567,SUD,SUD2016,0.3333333333333333
Suriname,SUR,2004,0.513,SUR,SUR2004,0.5
Suriname,SUR,2008,0.481,SUR,SUR2008,0.5
Suriname,SUR,2012,0.491,SUR,SUR2012,0.4
Suriname,SUR,2016,0.44,SUR,SUR2016,0.3333333333333333
Sweden,SWE,1992,0.094,SWE,SWE1992,0.2698412698412698
Sweden,SWE,1996,0.067,SWE,SWE1996,0.39914163090128757
Sweden,SWE,2000,0.06,SWE,SWE2000,0.3787878787878788
Sweden,SWE,2004,0.048,SWE,SWE2004,0.47770700636942676
Sweden,SWE,2008,0.048,SWE,SWE2008,0.5739644970414202
Sweden,SWE,2012,0.049,SWE,SWE2012,0.6071428571428571
Sweden,SWE,2016,0.038,SWE,SWE2016,0.6021505376344086
Switzerland,CHE,1992,0.126,SUI,SUI1992,0.25146198830409355
Switzerland,CHE,1996,0.107,SUI,SUI1996,0.4069767441860465
Switzerland,CHE,2000,0.103,SUI,SUI2000,0.39855072463768115
Switzerland,CHE,2004,0.083,SUI,SUI2004,0.42028985507246375
Switzerland,CHE,2008,0.062,SUI,SUI2008,0.41379310344827586
Switzerland,CHE,2012,0.052,SUI,SUI2012,0.29365079365079366
Switzerland,CHE,2016,0.039,SUI,SUI2016,0.40131578947368424
Syria,SYR,1992,0.53,SYR,SYR1992,0.1111111111111111
Syria,SYR,1996,0.506,SYR,SYR1996,0.125
Syria,SYR,2000,0.461,SYR,SYR2000,0.25
Syria,SYR,2004,0.478,SYR,SYR2004,0.16666666666666666
Syria,SYR,2008,0.499,SYR,SYR2008,0.14285714285714285
Syria,SYR,2012,0.488,SYR,SYR2012,0.4
Syria,SYR,2016,0.465,SYR,SYR2016,0.42857142857142855
Tajikistan,TJK,1996,0.573,TJK,TJK1996,0.25
Tajikistan,TJK,2000,0.417,TJK,TJK2000,0.5
Tajikistan,TJK,2004,0.372,TJK,TJK2004,0.4444444444444444
Tajikistan,TJK,2008,0.335,TJK,TJK2008,0.1875
Tajikistan,TJK,2012,0.337,TJK,TJK2012,0.1875
Tajikistan,TJK,2016,0.295,TJK,TJK2016,0.2857142857142857
Tanzania,TZA,1996,0.648,TAN,TAN1996,0.14285714285714285
Tanzania,TZA,2000,0.64,TAN,TAN2000,0.25
Tanzania,TZA,2004,0.615,TAN,TAN2004,0.2222222222222222
Tanzania,TZA,2008,0.585,TAN,TAN2008,0.2222222222222222
Tanzania,TZA,2012,0.569,TAN,TAN2012,0.3333333333333333
Tanzania,TZA,2016,0.567,TAN,TAN2016,0.2857142857142857
Thailand,THA,1992,0.431,THA,THA1992,0.546875
Thailand,THA,1996,0.427,THA,THA1996,0.3448275862068966
Thailand,THA,2000,0.406,THA,THA2000,0.38235294117647056
Thailand,THA,2004,0.407,THA,THA2004,0.4117647058823529
Thailand,THA,2008,0.387,THA,THA2008,0.5660377358490566
Thailand,THA,2012,0.365,THA,THA2012,0.4883720930232558
Thailand,THA,2016,0.408,THA,THA2016,0.5172413793103449
Timor,TLS,2004,0.536,TLS,TLS2004,0.5
Timor,TLS,2008,0.474,TLS,TLS2008,1.0
Timor,TLS,2012,0.419,TLS,TLS2012,0.5
Timor,TLS,2016,0.39,TLS,TLS2016,0.6666666666666666
Togo,TGO,2000,0.666,TOG,TOG2000,0.3333333333333333
Togo,TGO,2004,0.65,TOG,TOG2004,0.3333333333333333
Togo,TGO,2008,0.615,TOG,TOG2008,0.25
Togo,TGO,2012,0.624,TOG,TOG2012,0.3333333333333333
Togo,TGO,2016,0.59,TOG,TOG2016,0.6
Tonga,TON,1996,0.67,TGA,TGA1996,0.2
Tonga,TON,2000,0.667,TGA,TGA2000,0.3333333333333333
Tonga,TON,2004,0.657,TGA,TGA2004,0.2
Tonga,TON,2008,0.446,TGA,TGA2008,0.3333333333333333
Tonga,TON,2012,0.428,TGA,TGA2012,0.3333333333333333
Tonga,TON,2016,0.633,TGA,TGA2016,0.42857142857142855
Trinidad and Tobago,TTO,1996,0.41,TTO,TTO1996,0.375
Trinidad and Tobago,TTO,2000,0.4,TTO,TTO2000,0.2413793103448276
Trinidad and Tobago,TTO,2004,0.373,TTO,TTO2004,0.38461538461538464
Trinidad and Tobago,TTO,2008,0.355,TTO,TTO2008,0.37142857142857144
Trinidad and Tobago,TTO,2012,0.366,TTO,TTO2012,0.3157894736842105
Trinidad and Tobago,TTO,2016,0.347,TTO,TTO2016,0.4186046511627907
Tunisia,TUN,1992,0.54,TUN,TUN1992,0.26666666666666666
Tunisia,TUN,1996,0.485,TUN,TUN1996,0.1346153846153846
Tunisia,TUN,2000,0.394,TUN,TUN2000,0.14893617021276595
Tunisia,TUN,2004,0.311,TUN,TUN2004,0.1875
Tunisia,TUN,2008,0.299,TUN,TUN2008,0.41379310344827586
Tunisia,TUN,2012,0.29,TUN,TUN2012,0.2413793103448276
Tunisia,TUN,2016,0.273,TUN,TUN2016,0.3230769230769231
Turkey,TUR,1992,0.608,TUR,TUR1992,0.14814814814814814
Turkey,TUR,1996,0.6,TUR,TUR1996,0.21311475409836064
Turkey,TUR,2000,0.553,TUR,TUR2000,0.29850746268656714
Turkey,TUR,2004,0.533,TUR,TUR2004,0.36486486486486486
Turkey,TUR,2008,0.451,TUR,TUR2008,0.29577464788732394
Turkey,TUR,2012,0.37,TUR,TUR2012,0.5630252100840336
Turkey,TUR,2016,0.323,TUR,TUR2016,0.453781512605042
Turkmenistan,TKM,1996,0.338,TKM,TKM1996,0.42857142857142855
Turkmenistan,TKM,2000,0.261,TKM,TKM2000,0.5
Turkmenistan,TKM,2004,0.217,TKM,TKM2004,0.3
Turkmenistan,TKM,2008,0.226,TKM,TKM2008,0.4
Turkmenistan,TKM,2012,0.215,TKM,TKM2012,0.3
Turkmenistan,TKM,2016,0.187,TKM,TKM2016,0.5555555555555556
Uganda,UGA,1992,0.66,UGA,UGA1992,0.2222222222222222
Uganda,UGA,1996,0.654,UGA,UGA1996,0.4166666666666667
Uganda,UGA,2000,0.64,UGA,UGA2000,0.3076923076923077
Uganda,UGA,2004,0.596,UGA,UGA2004,0.18181818181818182
Uganda,UGA,2008,0.558,UGA,UGA2008,0.18181818181818182
Uganda,UGA,2012,0.552,UGA,UGA2012,0.25
Uganda,UGA,2016,0.539,UGA,UGA2016,0.34782608695652173
Ukraine,UKR,1996,0.463,UKR,UKR1996,0.3789173789173789
Ukraine,UKR,2000,0.357,UKR,UKR2000,0.41304347826086957
Ukraine,UKR,2004,0.371,UKR,UKR2004,0.453781512605042
Ukraine,UKR,2008,0.349,UKR,UKR2008,0.5076452599388379
Ukraine,UKR,2012,0.311,UKR,UKR2012,0.47039473684210525
Ukraine,UKR,2016,0.275,UKR,UKR2016,0.5330882352941176
United Arab Emirates,ARE,2008,0.193,UAE,UAE2008,0.2222222222222222
United Arab Emirates,ARE,2012,0.171,UAE,UAE2012,0.07692307692307693
United Arab Emirates,ARE,2016,0.118,UAE,UAE2016,0.25
United Kingdom,GBR,1992,0.25,GBR,GBR1992,0.36328125
United Kingdom,GBR,1996,0.237,GBR,GBR1996,0.40664961636828645
United Kingdom,GBR,2000,0.21,GBR,GBR2000,0.44096385542168676
United Kingdom,GBR,2004,0.205,GBR,GBR2004,0.45555555555555555
United Kingdom,GBR,2008,0.197,GBR,GBR2008,0.4976190476190476
United Kingdom,GBR,2012,0.162,GBR,GBR2012,0.48830409356725146
United Kingdom,GBR,2016,0.125,GBR,GBR2016,0.4435146443514644
United States,USA,1992,0.295,USA,USA1992,0.3814713896457766
United States,USA,1996,0.291,USA,USA1996,0.4302741358760429
United States,USA,2000,0.275,USA,USA2000,0.44502617801047123
United States,USA,2004,0.258,USA,USA2004,0.46831955922865015
United States,USA,2008,0.254,USA,USA2008,0.4796854521625164
United States,USA,2012,0.235,USA,USA2012,0.49782293178519593
United States,USA,2016,0.216,USA,USA2016,0.5132127955493742
Uruguay,URY,1996,0.425,URU,URU1996,0.13333333333333333
Uruguay,URY,2000,0.381,URU,URU2000,0.17647058823529413
Uruguay,URY,2004,0.364,URU,URU2004,0.1111111111111111
Uruguay,URY,2008,0.342,URU,URU2008,0.23076923076923078
Uruguay,URY,2012,0.329,URU,URU2012,0.1111111111111111
Uruguay,URY,2016,0.29,URU,URU2016,0.29411764705882354
Uzbekistan,UZB,2000,0.353,UZB,UZB2000,0.3176470588235294
Uzbekistan,UZB,2004,0.229,UZB,UZB2004,0.27848101265822783
Uzbekistan,UZB,2008,0.239,UZB,UZB2008,0.2898550724637681
Uzbekistan,UZB,2012,0.295,UZB,UZB2012,0.3392857142857143
Uzbekistan,UZB,2016,0.286,UZB,UZB2016,0.3375
Venezuela,VEN,1992,0.559,VEN,VEN1992,0.14814814814814814
Venezuela,VEN,1996,0.555,VEN,VEN1996,0.11320754716981132
Venezuela,VEN,2000,0.519,VEN,VEN2000,0.3384615384615385
Venezuela,VEN,2004,0.522,VEN,VEN2004,0.33962264150943394
Venezuela,VEN,2008,0.487,VEN,VEN2008,0.4603174603174603
Venezuela,VEN,2012,0.491,VEN,VEN2012,0.4235294117647059
Venezuela,VEN,2016,0.499,VEN,VEN2016,0.2761904761904762
Vietnam,VNM,1992,0.407,VIE,VIE1992,0.8
Vietnam,VNM,1996,0.369,VIE,VIE1996,0.5
Vietnam,VNM,2000,0.328,VIE,VIE2000,0.5714285714285714
Vietnam,VNM,2004,0.305,VIE,VIE2004,0.45454545454545453
Vietnam,VNM,2008,0.307,VIE,VIE2008,0.5555555555555556
Vietnam,VNM,2012,0.319,VIE,VIE2012,0.6666666666666666
Vietnam,VNM,2016,0.306,VIE,VIE2016,0.5714285714285714
Yemen,YEM,2000,0.805,YEM,YEM2000,0.5
Yemen,YEM,2008,0.798,YEM,YEM2008,0.125
Yemen,YEM,2012,0.8,YEM,YEM2012,0.25
Yemen,YEM,2016,0.81,YEM,YEM2016,0.3333333333333333
Zambia,ZMB,1992,0.654,ZAM,ZAM1992,0.2727272727272727
Zambia,ZMB,1996,0.645,ZAM,ZAM1996,0.125
Zambia,ZMB,2000,0.648,ZAM,ZAM2000,0.25
Zambia,ZMB,2004,0.623,ZAM,ZAM2004,0.3333333333333333
Zambia,ZMB,2008,0.594,ZAM,ZAM2008,0.25
Zambia,ZMB,2012,0.585,ZAM,ZAM2012,0.2857142857142857
Zambia,ZMB,2016,0.545,ZAM,ZAM2016,0.2857142857142857
Zimbabwe,ZWE,1992,0.598,ZIM,ZIM1992,0.42857142857142855
Zimbabwe,ZWE,1996,0.593,ZIM,ZIM1996,0.14285714285714285
Zimbabwe,ZWE,2000,0.625,ZIM,ZIM2000,0.3076923076923077
Zimbabwe,ZWE,2004,0.628,ZIM,ZIM2004,0.35714285714285715
Zimbabwe,ZWE,2008,0.597,ZIM,ZIM2008,0.5
Zimbabwe,ZWE,2012,0.583,ZIM,ZIM2012,0.5555555555555556
Zimbabwe,ZWE,2016,0.537,ZIM,ZIM2016,0.7096774193548387
